requests_per_second,unique_paths,path_entropy,error_rate,avg_payload_size,avg_processing_time,avg_inter_request_time
0.19352465823520762,5,0.3668695797323276,0.06237528002182154,919.3738680645027,0.020895008247782575,2.001688750125598
0.08000474078175097,3,0.041168988591604894,0.07759278817295955,464.0612658226385,0.037183168474213026,0.17299385419098273
0.26713065149979653,4,0.046124850082831514,0.041981972820671135,0.0,0.010286466979509471,7.327713404303042
0.054397152921082194,6,0.39934756431671947,0.04113875507308893,140.57830480399556,0.12190142552838625,0.06057424870308137
0.4749539132541333,4,1.1265764356910786,0.03083332020319329,0.0,0.046947871298807654,0.35113385384796536
0.3088983623134843,7,0.34672930701554416,0.03128484860585926,0.0,0.15131692065321284,1.4357374829068497
0.2881731606317958,5,1.9391692555291171,0.06201062586888917,1794.9133333339153,0.11998209578340595,5.884925020519195
0.10603160258538114,1,1.9223440486986982,0.06756270789425212,1102.3996581587055,0.1177634819671058,11.070342476866847
0.14523959919104626,5,1.6043939615080793,0.0059640514943816655,1555.877300128482,0.04054442062530031,0.41326687137377205
0.3563600984853324,3,1.5803510810624113,0.04847679798248091,1319.6001997287917,0.18307697543321239,9.494506741382034
0.05675095708030154,7,0.6219646434313244,0.026014665762139764,1293.2370691426656,0.177555335772689,1.0381741067223578
0.35948994573926757,1,1.4434590423297464,0.01887879357991646,0.0,0.00904628431814784,0.999008693653241
0.22527488591422737,3,0.0628583713734685,0.050912832901102434,0.0,0.10220556754177586,7.49292229148875
0.21108763228745858,3,0.4061224494695388,0.07542828564463848,1404.830619427424,0.1762130999640363,1.830351586269713
0.0616921873168326,4,1.607344153798229,0.014925604710882867,1101.717371735519,0.16168059087764847,8.180034749718638
0.06392544301856161,1,1.2953802410827246,4.1630159625265506e-05,0.0,0.06165147037344778,0.28102202710645774
0.24756668596590178,1,0.2397307346673656,0.027009213712290238,680.2457174404727,0.10423933372692985,2.136333210706823
0.4861732205332707,4,0.4937521256772024,0.05570434182718307,338.7695134091298,0.19955035652473943,4.894767301246938
0.21140813652593332,7,0.5572929284732229,0.0726612708773323,0.0,0.029834079546153396,4.935427043497703
0.1286070830406352,4,0.1617066526654305,0.029572356484912358,0.0,0.1608248115195993,4.925404134026794
0.205423976797831,7,0.1805795401088166,0.06682419964713904,0.0,0.03811718356957099,0.30771968329847366
0.3420065373027184,3,1.4222990648760356,0.06476008369117724,0.0,0.02013913366719273,8.975720210875224
0.2636981617584653,1,1.3513802340785614,0.05881728953926177,0.0,0.10874814679168561,1.5284750980878485
0.09572791427700872,1,1.0332717825420286,0.02086633398643272,1932.5677350131475,0.11210039726781243,6.887071083413794
0.14664696277016911,3,1.4519113577404787,0.07176882079620617,1570.7573144223666,0.12876429758470329,0.10596549562446847
0.45029155237826884,4,1.1613732428729093,0.029782621324939446,1948.6444816728688,0.05750027397275568,2.68526189113802
0.2297278300632612,5,0.44853861892111957,0.05697433770780287,0.0,0.06575453993369428,3.423348045712466
0.4261194711421472,1,0.6161215837047784,0.04340321844439195,1290.848605462496,0.05084190190251125,4.905017862237541
0.24850365495013302,3,0.8687887310208573,0.028006272615574056,1354.4019163430444,0.17296934544930873,0.26462088854583354
0.2902820576124997,1,0.0872075435088675,0.07956404086378728,595.1426665036793,0.17681531043098553,4.788823311607789
0.17206764928855173,6,1.9333096380873391,0.07708959816714023,624.175339535692,0.07763444799178314,8.169220051562776
0.09305144587618532,1,0.7893829336189444,0.06753705125810491,187.3114551566106,0.04257482480545668,2.1139105158327376
0.134540188044172,2,1.7547461438559109,0.059261489420336357,1419.8439637748631,0.07253873909273129,4.142125199653311
0.4069555633927986,1,1.223027421731361,0.006527534432019228,0.0,0.12595098857477857,0.063342230989966
0.2044240753348053,6,1.7800106836351326,0.027039612548122864,0.0,0.019702406028332932,0.6617402320853394
0.2381430288849055,7,1.9636817766210621,0.06711468016554907,537.9901530059349,0.008728112151455218,2.9168709223849496
0.17005910848006003,5,0.5430858316394838,0.07722014643126159,1691.9449962733636,0.03968162676497974,3.6478049484523725
0.07779301528472266,5,1.939073734228318,0.057167608334396165,0.0,0.08036535938751412,3.8481918934960193
0.132921658399864,2,1.9252968293558501,0.06687840964097647,847.4582416078263,0.035485569694098315,0.14761416213735978
0.27912106570599904,1,1.3203947534354625,0.022394711755675426,1488.8989875567486,0.11131645644976874,2.3882002809250547
0.13138818485556716,3,1.5156922209287382,0.0011514790903804696,0.0,0.010154525762328798,0.4320664744851733
0.3547923510962116,4,0.03432220366350047,0.061069153840312876,725.2934261243315,0.09347008877498268,0.7162651588866518
0.4750814084797791,4,0.09060801954408904,0.0299690091701177,1031.115704231171,0.17144147839647614,1.2332049218664336
0.044578686226210626,7,1.8885031942503347,0.0693759146844003,1611.8511246306796,0.13575650013421336,1.078251589552596
0.4074900466006415,3,1.8829296175530503,0.030888211024061942,1815.4337518143243,0.03996243582306999,0.07736566064739052
0.018928694569259365,3,1.2365077686757857,0.02692433719109812,801.5234108828519,0.13664112012558516,1.673125377061564
0.253058352603769,2,1.3934743307283013,0.05031542774239072,1483.3885354175773,0.16089270514658488,1.2984779470087526
0.3778012283040206,3,1.9810102840013466,0.03300941415291412,0.0,0.15550617918765738,4.688407965216041
0.4306222484030758,1,1.3596895598004917,0.059192700835789966,0.0,0.07616804834908268,2.7345253580738498
0.2009128622474097,5,1.791046456992401,0.03113613429873305,0.0,0.1811710133074335,0.18007740966749497
0.4755303638548944,4,1.1468757762465722,0.05054697697358394,0.0,0.05934894356791485,3.526333052346673
0.3786635194244632,7,1.562592100942405,0.009077168161395841,1949.7840066421,0.1991903171640355,0.3764067116917741
0.2774987273808446,3,0.23413403285521173,0.011439334564226869,1255.5252234667091,0.02112341254843526,0.3594554917857864
0.04565387311845483,2,1.7837938175535533,0.01172838573536204,504.7947412278292,0.11667977802812969,13.803599686384167
0.1259757449042186,7,1.9720021276457418,0.06027025482071533,0.0,0.017616642623035087,3.0128191238111226
0.21786878453101838,2,0.660505058038197,0.03475614755906171,0.0,0.08163521526950202,3.8343823740980074
0.38592547802320015,7,1.2984206042321271,0.05968359034123386,1926.2364695253568,0.07559924532521711,4.408696076852571
0.11956196087453179,6,1.6042184980534682,0.07823205350034167,679.2384571412881,0.009636755876336379,14.191157152786595
0.13396518231472815,3,1.938605071238198,0.04184782753361191,1406.7099435200034,0.09145367188878688,3.129414403653951
0.4515674251405846,1,1.8305086833382127,0.0766961925926277,0.0,0.07950983792301784,0.18776023045457269
0.0931431529088271,4,0.9273968098799643,0.028268178242084226,201.58254208172045,0.19490456672556714,11.981617140197452
0.272687219508619,1,0.8224134417443725,0.048222550561863885,0.0,0.027503839919526193,0.4720499587536302
0.2141531382918548,5,1.2268303918715797,0.03345944290324951,1738.8245845257964,0.009998515351131693,0.2069377824326833
0.40717113208309813,7,0.30083378220705637,0.047530457228170814,0.0,0.19401296516510605,13.383287047111379
0.23965964829953545,3,0.2677042376012664,0.0010937571861597828,0.0,0.1386511650366135,3.8745983726148734
0.457451218606245,7,1.537974830361021,0.07558125839059425,532.3287983992354,0.09065828292670862,0.47840398281159946
0.30702557088093124,6,1.7564413349583845,0.060559930573778294,0.0,0.054465823923036165,0.2641376377235697
0.24334324142661695,3,1.0403270022239868,0.06817452002548322,1143.8290444940033,0.17545406692901067,1.1030685280278834
0.024103511393536097,7,1.569336527888619,0.05114890855793939,1811.1445644194212,0.12383547870736113,11.080878495418851
0.3219557175949185,7,0.8749498440474581,0.07233269555949988,0.0,0.10328390834280235,2.2844425204457157
0.314822483111658,3,1.3952837429869267,0.06371774205391019,1692.078259286484,0.15401463052176412,0.05155479521017749
0.3141947853668247,2,0.6575032205750164,0.050672068345338064,0.0,0.016096802293624122,0.09018154431015304
0.08443231982102423,6,1.3953351473938636,0.014405381787943884,852.7393679971798,0.17498920336602902,4.8789965717154695
0.3049483438150705,3,0.08173723253295773,0.013514805045773164,0.0,0.03622508637107262,0.08669885941728238
0.23578159633603563,2,1.7884345257918515,0.010299871863971513,0.0,0.06499497017132577,0.2561383352064578
0.34701451137708067,6,0.31395536543238745,0.030182877219365807,0.0,0.17379192030008178,0.31072069866005236
0.49326592797473945,7,0.740944205582764,0.03876183881528171,769.3815971610562,0.09304440851049643,0.6650744130076905
0.13369410272857016,7,1.3743310108066622,0.0675552538106903,109.42069783050862,0.17357578123386994,2.287237246268371
0.06138589160091565,7,0.7545683262092453,0.0016056958222181094,0.0,0.043078153392312385,1.0389295931866305
0.44635836756254854,4,0.9479398828611123,0.02840834426234438,985.1850984207879,0.11725569745811969,3.0098401967769686
0.29740236298377193,4,0.2551606055911275,0.02270207246389796,0.0,0.12953753102498866,2.102435266540308
0.49339247190856006,5,1.8673836475197492,0.0006027490507259792,0.0,0.07370600711513747,4.328678830262659
0.053064936024670495,6,0.34674719058950965,0.07174123397011402,0.0,0.10537776652448069,4.920703776088729
0.06489906206234565,2,1.15199683561132,0.07339164904684253,0.0,0.19503836542608338,3.7530324347979906
0.41222212184514273,2,1.1135257860278596,0.045729015157591986,0.0,0.15412909370519545,0.1821292411099945
0.21846385492204423,1,1.4724943673969764,0.04238720185448933,1547.1700278135356,0.018370745738345413,4.694064540156203
0.167114674158162,3,0.10364707364485382,0.026928342255513646,0.0,0.013611619124080782,8.22353844974723
0.4068384784687711,1,0.27764954688404075,0.00021687195314637364,0.0,0.09516007400932656,4.074302524849081
0.062282632555583674,5,1.6612388155754583,0.07720215285332101,0.0,0.1464426275655252,6.812330661656602
0.04258317100972098,6,0.09618928792817538,0.0625211585401132,1513.4787532923613,0.16010788905298362,6.864049867881441
0.1254889555718499,6,1.0461308495382386,0.0287064387298802,815.267959474139,0.16350328845484385,2.1962499324120843
0.23671309497810716,6,1.079562123829266,0.03509957403106712,742.9567810458719,0.07890493993009888,0.7997860057586763
0.12222244155315021,7,0.23379608141672814,0.07518656988907801,703.0659485813179,0.028715142460014068,3.2903274016783106
0.27139593506839754,7,1.1463016985147774,0.07981540927390747,1428.6118994247452,0.15593581587109948,0.12613595878964773
0.35989140028957095,5,1.753531273523499,0.0273665398972726,265.7318870626541,0.16944400605516913,0.2167250265633726
0.4006747292319813,5,0.9727149639912156,0.03271641416683946,73.7959910201868,0.12009009753984018,3.722805836298285
0.30352438874089,4,0.36319543360285134,0.07267604490669027,831.6602626890977,0.09293915492518241,6.533514031160802
0.29725261768823064,6,0.201589206031773,0.020481242548292977,1206.277665254702,0.02134032018081472,12.900846371240867
0.021281076345942382,7,0.3050780858285227,0.046103068813345055,877.0548090396527,0.14755240288931984,14.255685129067764
0.23091129198802474,6,0.4718120691901624,0.013241640829383181,0.0,0.16766066701149593,1.9014991882053853
0.12142385422978517,7,0.7980054077402605,0.004380931105762507,0.0,0.1607678362710043,0.18674461069483775
0.20510265985956222,1,1.727036281225914,0.07383681854387879,987.6321072736935,0.18377249026292095,0.6478100160954725
0.4572472368107731,6,0.3527739730124466,0.03986942181915838,0.0,0.18305433431255191,3.1126475762511956
0.3198095010805699,4,0.42536156868245256,0.04121389459254501,945.0285266331755,0.11190376840911953,10.350697189336586
0.10038680699523948,7,1.1907700346400876,0.005366118191074199,459.3159065363922,0.17971280359870204,0.11962322871192328
0.02790933724556649,6,1.6731296265846658,0.04699628833872595,0.0,0.14309778075817584,2.905051510657611
0.2457330947099171,6,1.1192806626164358,0.012419219674457001,0.0,0.17249533858168994,8.73309316279753
0.14266488984034134,6,1.0531569333185875,0.06405998171888969,1687.5882759403125,0.1735317582422932,2.9827516786670287
0.1344053963812191,7,1.3437854871974568,0.0015768430203491324,0.0,0.1601833009892647,0.33679067069038104
0.126709562712896,2,1.6106299347158102,0.07909830255643542,1623.3577904770427,0.19256721439242008,6.410818487777136
0.20913223105402579,7,1.7926716370422395,0.0010401538808588828,0.0,0.04236936477405944,0.11527465449220473
0.29569036487514916,4,1.407892270277019,0.07284992028322432,704.9384214421784,0.1651963589531093,0.654026498692381
0.4170207082169724,5,0.8188233043824809,0.04416377446815842,0.0,0.05959868614884162,12.636057941597608
0.07865545612556174,2,1.131553239933121,0.07882938497933878,405.10892070208735,0.0974708950629189,3.837591249028995
0.35243446804884315,1,0.5157753708664046,0.011148485925825931,1969.5842523719266,0.10561234627823449,0.1579844434641034
0.0190114315082587,2,1.0593233573101621,0.06520435427219658,180.99202983563467,0.08164436951751007,3.740911617345331
0.06222357776305044,6,0.27377126013761455,0.0720014913478484,1214.9555492321012,0.12050285522629703,1.2891707538055233
0.4580618535032303,2,0.8087630030980486,0.06167291016514164,0.0,0.07142040393568864,6.843709206789632
0.05426511068302786,3,0.4906982193626419,0.031143649123358125,0.0,0.07177887057652488,1.8370477203042876
0.28753827374547963,2,0.7932987461041086,0.07632695492317064,0.0,0.09726723344455014,2.9292925050868703
0.08938680016687646,4,0.1028516269685007,0.03970929977609891,701.7755870930736,0.15441152854541856,0.06531475741583012
0.36681249053976567,1,1.409851099377906,0.04786288466145237,198.07015022076308,0.016475303471712457,0.48481871245733066
0.012574371093608608,4,0.7219477938800536,0.007326565866130732,316.79633029197475,0.19009723341033968,1.3330981797737884
0.2755314642153955,3,1.4644497728191224,0.06452489182891598,1399.9393008098123,0.16998993466149856,0.26002973291227605
0.11839262649160508,2,0.10319161331742,0.05359339716400314,0.0,0.11806448763701628,10.558065814371798
0.24187295785985338,7,0.06789195717159768,0.055793621379747194,0.0,0.18495484287992955,14.442664891134338
0.24236496616215725,6,0.10976522929294985,0.03641149480289249,1306.8659687203533,0.13038330273820242,3.023047373015813
0.24572032308360237,3,1.3925775517562795,0.02718999710144529,177.44486455793762,0.06374277722829146,4.058254241775336
0.16618872643671426,2,1.0403362197574637,0.03414536453238915,864.1368638543896,0.09292662726454194,5.002375235758846
0.100881725692594,2,1.8781353970257924,0.06390265886189324,733.8880401308348,0.15367046949729427,2.6594402913675896
0.31747767697700136,4,1.9681669383985902,0.06146187310916146,0.0,0.08485004345313697,1.5744971559573604
0.06413231543438339,6,0.5940057529097644,0.0682257457353521,1198.761642218245,0.05617586349365795,5.451006772203232
0.06363912335276642,1,1.3592945653861397,0.017460311029205134,1583.3727781103264,0.018792789460139646,4.456032384029741
0.47291869092279104,3,1.807447934350541,0.07913479278506871,176.72349849164334,0.08091446704867201,7.30569195805019
0.41701483369780606,6,0.4613396234355174,0.014122242560440661,0.0,0.03810121416670665,2.0755636662502854
0.03834291151606422,7,0.43264804607310703,0.041460829334111375,1073.8114266775228,0.05278644022235394,2.7103385339088195
0.4982045301452949,3,1.6316662499812356,0.017955245746932854,0.0,0.10785791015578931,3.1103879352701505
0.05482855032489989,1,0.7823395321607596,0.021836749988505197,136.5344938898117,0.17058651313605455,0.18465414172383937
0.46647884927630506,3,0.17397351982282028,0.032676257045655896,0.0,0.052691002968304916,2.7314408078544687
0.04971264579474749,4,0.21893772010890777,0.0715583944774454,169.95820116650833,0.1766983475583548,4.5793117375006105
0.2899462815405913,2,1.0875578159947985,0.06915943042458789,1066.457608751809,0.17376400000625786,0.1039501100601872
0.08859605161173532,5,1.674026656727344,0.05579771693354269,1256.2921875196093,0.1507906112719706,0.44400925682349635
0.4372033285951637,3,1.7581429604562633,0.0004116136603771814,495.81906497360086,0.18183156054460423,0.2914054154686858
0.380751543854618,4,0.01277174343366716,0.02296305065399302,1963.3130471534757,0.126730891876317,3.353025663948251
0.2745928360607692,3,0.2568974361863827,0.02266743586124653,0.0,0.08701591599460995,8.921512114451966
0.09795368847767835,5,0.2050194559813585,0.0749782789789161,182.2822652550852,0.060891749822416436,0.8030777066094726
0.2952635254863739,1,0.11584092111759658,0.005975553420628321,1980.7893268637617,0.13553439918016413,3.414081395308584
0.3012539710219872,4,0.04917383291760302,0.0017698841223197804,0.0,0.0982399948905285,3.5748291947292734
0.22849232612460668,6,0.9370788335371687,0.07554429079662639,0.0,0.17098774511785164,4.216643446099535
0.1562034711850964,2,1.545645560033609,0.018404294642514713,0.0,0.1737428101839263,5.313023137475162
0.3683223328171059,7,0.8394546338522446,0.05108207581312685,0.0,0.05556882526738534,9.09334006315043
0.4481086098027759,7,1.4916740240619286,0.016028731483897014,1444.101878394383,0.11298730698233315,2.9445476260548116
0.08803041175683958,1,1.7372463359112216,0.06212774822333934,1697.327294827931,0.15244377419765678,1.0906019495707442
0.025937827950713442,4,1.9350225272275554,0.014836709974132348,52.40207857453048,0.12006712575936297,1.6139298002151883
0.283622209565767,1,0.32165093815638013,0.052121557344181176,0.0,0.11846252383823888,4.929581333313068
0.08329451490710722,5,0.14489377558911776,0.031399484512534784,1220.0400688326422,0.059040853163151344,4.370550787351421
0.3921269845577414,3,0.9610138945156579,0.00839441427345399,0.0,0.19734585606016217,0.26447743212213737
0.31289630981587835,4,0.6920331352896791,0.062064378863436485,191.21173068536592,0.10731419898931259,5.825085344404213
0.4140118829794486,2,0.7938465524031921,0.010617260323444828,1394.4566898176681,0.1603167531227075,0.10871681366176278
0.06123824176385612,3,0.2484399334561187,0.07169770421480307,1252.3789346318244,0.12297589079825559,4.708408168847568
0.47420172668920896,4,1.6034561661395836,0.027156015403424487,206.22395045011652,0.179068514556045,4.177839964831222
0.23163595941396709,3,0.08150821218494553,0.013119958479159779,0.0,0.14524048541493761,3.4263238364305426
0.24484667500238078,3,0.43842797471608863,0.07806922046553051,0.0,0.037241465222051164,3.4641849897539423
0.2541159010620381,2,0.0417222785830762,0.05226104153898641,0.0,0.10895324850815413,0.8668692029859202
0.2075980669506776,5,0.1443968179583517,0.0024522001764644853,0.0,0.09306196839112395,12.27169069766308
0.3739261953879907,4,1.2575296364118902,0.05882802389326021,1034.4475196913847,0.1091168041492944,3.1462627014053566
0.024403278420688575,2,0.9733378828494057,0.06987385904653284,872.355807403238,0.056088731649775264,4.605635055275109
0.11322447261277661,5,0.931625614040497,0.06687984510249675,0.0,0.1554240412000505,3.2083492264790383
0.31994486128089,6,1.9427901880832792,0.014478156216759182,1009.9418200736678,0.050198983806232236,9.453052550026655
0.2622605034255482,1,1.3252425580166407,0.007620920636370103,658.6887105580718,0.08041014328128511,5.090304041295503
0.29832219033689666,4,0.26174732143669965,0.07758568360628358,510.2984035256047,0.01562585271867252,0.2742937558213283
0.1751315564513303,6,0.2915131364895034,0.035954706817099016,1899.7375419602959,0.051253028633008436,2.207113654650907
0.30671369724599257,7,1.3276090552436102,0.03797047005998511,1621.0567982526036,0.11748551851495369,7.058412100367683
0.06484061350488665,2,1.9733859607143232,0.009837664682370137,0.0,0.011287670611063866,1.51115529637706
0.09820511436163451,3,0.632312209953501,0.040578784695071396,0.0,0.030520296991455687,14.651186964360456
0.012420590657860713,2,0.6462613141405571,0.07784781984562772,545.7379308001118,0.10482427928060642,2.895102449718346
0.07161334078525793,6,0.6158598831823818,0.05637446101893174,0.0,0.13501305423165855,5.939007157894184
0.33957503793031185,6,1.7362845087550107,0.014171983155790872,1684.324814813815,0.18897822967533062,2.737286438037923
0.3127451476985948,7,1.1412194932776594,0.0024309647757469488,1394.5771645115442,0.13562616376967207,0.3396761710093489
0.20299355877053765,5,1.1543704734234963,0.027885893379357637,0.0,0.12138583061541763,4.398974003874404
0.49673509930572796,5,1.564770968116547,0.045361300878933426,1763.1053445376283,0.08142392400855557,3.5041702350361312
0.4058445115512167,2,1.755782318082655,0.02537565734123189,782.5608911693666,0.06007698563749588,1.9777155254828647
0.31880228668128063,2,0.7923453832185108,0.05563737653518897,0.0,0.0902900309018836,0.20542834206578983
0.12136211735894421,2,1.174123415402302,0.013475550811417571,1530.7214394495886,0.10058861651701756,4.78165351849696
0.42511200707256136,4,0.051284131612871375,0.02729982621009251,0.0,0.0803657333984832,2.901211460270953
0.3078734954687879,7,1.625971477432187,0.05744984609811955,85.55353621890518,0.03995981915102568,0.3343131156526634
0.4500349689854936,1,1.3093861628626964,0.030405960714976425,0.0,0.09635746265927639,0.1081758556392768
0.31250236113235735,5,0.5697458039238457,0.024583197194102926,1101.3644895167463,0.06295023213204473,3.722678034004371
0.14358576035943155,4,1.6463480311913206,0.041798483241289465,0.0,0.17202374286283725,1.3306330829166484
0.15468636171795194,1,1.134624439257807,0.0205250226961091,992.9140111038532,0.16139251740525648,0.6953563978466862
0.320244174041071,3,0.00516802968996477,0.05103881646346381,1207.400209790137,0.15895502622572275,1.2864804927231972
0.18677853436419392,2,1.8000462467960223,0.02827371034421745,0.0,0.15632457753352852,4.201764433311553
0.21763174428789378,2,1.6190599515368835,0.06133249081603248,0.0,0.0853650177697471,0.14056072485693286
0.43593721607901575,1,0.4334796001815513,0.007657164441612938,0.0,0.12875232858820995,2.960138357213315
0.12365407709682795,6,1.264030972040837,0.004676369128684312,0.0,0.05563351054602495,3.541285602893192
0.2269313137219683,5,1.4351955313163525,0.05539489210594957,300.3688644355442,0.021717820227449103,3.1027411265288407
0.14433872661430489,6,0.5297908944734668,0.051623187002057355,832.3164323760162,0.07402425976175533,3.2772010252804105
0.22678086887552806,4,0.1352251271844298,0.06402852062578893,0.0,0.10846237100629762,11.50877369047194
0.2711493154101543,5,0.9137172897607373,0.015225989025525424,0.0,0.07631680827368795,4.979662208169157
0.22871265208684466,4,0.12028468520157043,0.044983745270232786,391.8407375974363,0.1383109732733125,0.28183901170234815
0.057371460326892616,1,1.6436128878021736,9.89343807527554e-05,0.0,0.1962660384945165,2.2213682610980374
0.0687162109886467,3,0.30483202666083486,0.07939868017267002,1102.9164040470912,0.16856462558090785,3.306135596012419
0.05367097173684814,7,1.7293723840670805,0.048678913012783306,360.6428402070116,0.013558697582750884,0.13685793104516641
0.1774205059294912,1,0.17528549352767708,0.07495662584248503,645.7724057831459,0.0799993218977824,3.202674500122778
0.2626829195712839,3,1.572551913514189,0.04596699058542133,812.5333879634401,0.10072944683721995,2.9287967844197427
0.31769552585859157,6,1.755948640890139,0.06944453520859603,1590.5593507987696,0.06163114868051012,0.21940068401962587
0.09502701234338924,2,0.4472288689926225,0.07658583103156698,1868.824943928697,0.11545750674882836,1.911774610373432
0.30712176277235403,1,1.2125058755019549,0.06118478407223964,0.0,0.10101064921622505,1.158682964730121
0.1900918669228504,5,0.05162381389897397,0.01081330313238582,1121.582594995283,0.19319861006949077,1.903172598883668
0.2580095127917196,2,0.5555052474985223,0.06811589100410123,0.0,0.004519874113038187,2.1415919861503827
0.1993658121679821,5,1.5615231721368796,0.03678403390154562,0.0,0.19897839711678367,0.35666655756351995
0.49200267337907266,3,0.3413295170999968,0.005970385146966537,567.5054479169795,0.036375511182398394,3.2812325342923367
0.3202629167465974,1,0.465291077125362,0.017664210382851132,0.0,0.1314890108397696,12.243174696766612
0.3981258805426662,7,0.899569297642645,0.015569800945661206,0.0,0.08341182075325648,12.336143805614022
0.3869593978842565,6,0.49716051542988415,0.010704298902359098,0.0,0.1582772094361695,3.5643867225721007
0.10295047560559181,5,0.430403744034475,0.0009696619715114618,0.0,0.19519887722710072,14.595766443210334
0.2490484815239176,3,0.531702273308627,0.051687209877000644,568.7375921104924,0.03069831781208505,0.4363903843059963
0.12930420451838495,2,0.9520362587375331,0.030071062811661546,0.0,0.09242990691279135,4.514381100231055
0.47811399638692487,1,1.317384292414887,0.07542649131306094,199.01287590420029,0.05659417507300856,7.530584328007846
0.39277350765559044,4,1.2744029536165609,0.052748313776462614,1291.5058802260542,0.12317278336725229,0.2736517703142459
0.0835828104003504,4,1.024443841625349,0.054418222336668265,0.0,0.01787361119311484,0.8243795119940301
0.044915796604976715,1,1.9130027965989602,0.05900066875672055,0.0,0.060010580676243395,3.985940890315318
0.33407159942450304,4,0.7096827205137808,0.03297047442102173,1669.542189989438,0.014673853671135287,0.8717794855667091
0.26218221742102066,1,0.5908895549548405,0.06153785182705069,794.782297323147,0.04193176517691547,0.31905609497826726
0.3895705525125161,1,1.919653036151858,0.0382604235660739,678.3202317170253,0.0259214805161326,1.0128048562144272
0.24814759645899456,7,1.0415362836684254,0.04931997815160668,0.0,0.00970338955011393,0.3113098405716519
0.056555732506229285,3,1.100183880916312,0.031092223890387762,0.0,0.0554844701953072,11.759822755863553
0.2530634409531444,1,1.291621625310412,0.02287254313913281,1729.6714929087002,0.16945635339936535,7.522410201733615
0.37997054508567635,5,1.9567945576011918,0.0598553524783198,402.15946644183674,0.0117177831926072,3.8893430116103125
0.1419723361679923,4,0.08634747159402334,0.01318518525835497,0.0,0.1454700020870738,7.135113663106719
0.2578678195463962,4,1.4656030895325012,0.04337897643934786,1041.303066486746,0.060212141812445295,3.599983859225408
0.43792822877179577,7,1.754276883022808,0.034704040980381747,0.0,0.11205042270464444,12.4171206151293
0.44191088204076046,4,0.1983561991744318,0.03211954526890306,447.86948752635277,0.11146190491115497,3.2719345261708055
0.1021321199615539,1,0.7505198088853327,0.04309565338744313,1703.6931927050052,0.16815283207615433,5.110316142624658
0.37727728738975524,5,0.735881502604169,0.02615452930704633,0.0,0.06181523888255277,14.963343376272473
0.19047166994835568,5,1.2867303598235686,0.06243198209178196,0.0,0.028426756932687848,0.5084594758620979
0.0974025663105916,2,1.2391786749196814,0.028439440835308593,231.3317476551077,0.11805225112272971,3.3904648665735233
0.04177826129665449,2,1.1229691759190474,0.044852807553293676,1369.1124775914063,0.1611928109364732,4.212722345810279
0.2541452843090923,6,0.2979994722984869,0.05563325186624426,1964.8399213699834,0.04275855697642548,10.202965769186541
0.19299667211064497,6,0.6563855072186231,0.03472154929391002,0.0,0.044901778589531045,3.810484014076354
0.49919028058254533,4,0.5988870209837733,0.01387840594127658,1017.524449020778,0.03647224091402368,4.960068943195867
0.37613759799359847,7,1.143744542454373,0.04702154886897586,0.0,0.0730848528888054,0.6178851883942915
0.02185396430676407,6,1.172958184377414,0.05581365020160601,1576.034782710109,0.01217108457982579,7.255413299257326
0.19468794072082227,5,0.9618120015061393,0.03481443194042854,1426.737064944848,0.12660295854538456,0.45483926522237605
0.45560119408411415,1,0.014058407627238312,0.0045824200862098685,0.0,0.027138532220836436,4.651803761395054
0.24130961275652915,5,0.13791603271284236,0.0045643776921003455,0.0,0.053079431063445294,0.45593965284488724
0.132277637926258,6,0.8577737577220772,0.06758315490288172,0.0,0.032119979076286144,5.465005864400655
0.3136527256977137,3,0.2784907422351903,0.042593654582017366,0.0,0.0701213219255097,5.218233967754895
0.33525694622603863,4,0.2559764170671728,0.07057084914256481,0.0,0.1657458066891124,3.309914509122776
0.25229575433459556,5,0.5130601248884956,0.052333968117925955,0.0,0.11350072065975038,4.8740239833419166
0.3081783636212686,1,0.3660308884694543,0.001762812823800335,865.0803710474445,0.018679208772425314,2.9529748771731485
0.4904532427805419,5,1.72027938669887,0.0578251442566787,0.0,0.14185918434872397,0.8677640558605022
0.23456731434904168,1,0.8572610939409515,0.011276770201741542,471.37638371134966,0.02041493953762065,9.601622644884397
0.37714901922093047,4,0.12454621176377123,0.04100021190162654,945.5177613140683,0.011339358933299414,1.4061370196118848
0.136724209095139,4,1.0896955181690313,0.06067400142952889,84.99407320855906,0.026124502775730078,1.2272891507864214
0.1351917388812463,5,0.9024786883619762,0.07879917249127001,102.97647138984163,0.01397571366083792,4.591490926377021
0.27396388099683,4,1.5966883764486566,0.02975461343334919,824.8937114463672,0.019588186423083825,1.3802417287003177
0.10149441492879031,4,1.5857088380676787,0.0462074692704926,1605.9326112509934,0.07979812405982853,10.3302886724614
0.08739786318932052,4,1.1156403838584028,0.013282745073295637,758.0464364363204,0.17954008185195916,0.2683140188167573
0.3030751883908188,7,0.36844967847605226,0.07151917680062964,346.6033522834321,0.08862436025530146,0.8755883824522248
0.44238402051959597,4,1.4794606641710812,0.025573346595243577,996.4500171617799,0.02536434577342927,1.9535503927379623
0.49856829697001426,2,0.8549793758412303,0.012978672462598349,0.0,0.11239138104403813,3.7370913006612136
0.4462264459787231,6,0.7580542524381948,0.07787659119809386,0.0,0.06000146647537974,6.107484453189581
0.38219538095616956,1,0.9423357978656293,0.06573095181683773,747.7066173846115,0.09934827700280968,8.352080473708728
0.09514318063651446,5,0.2258864168223471,0.006974357426546494,869.2315193030637,0.18116661498129621,1.3606718806156402
0.31075093521969255,7,1.2418571349568623,0.028189995728772354,969.0099764264208,0.19584188266501576,1.0681913370402623
0.34132700541696265,2,0.6298391772259353,0.0003053707299477715,375.90742236888144,0.13140119952864,5.726708716100163
0.04776822585621574,3,1.388301147019662,0.04101238025160424,0.0,0.04331623089784813,0.17285480858314017
0.3300497673603287,6,1.8072156886935902,0.0186210517681031,165.2330856525939,0.17987063024786923,4.434020258622581
0.01009231578272513,3,0.22197893842696215,0.035764443504514035,1735.8990385692064,0.10978299581736992,4.895601478297967
0.06425309072989467,4,0.036000177890429974,0.03371552332633979,0.0,0.19328243873065284,0.36261351337539083
0.48666039821712204,3,1.5079238071935679,0.06439254214731509,0.0,0.19259926105773117,1.8713799292375999
0.416403385780835,4,1.2701782118194376,0.03598737663780474,0.0,0.02492919807582345,0.15375841836400403
0.032600546524509576,1,0.9375359309290117,0.02410122086080003,629.6137250318035,0.060683903189889955,0.7166427619025906
0.45241854764407374,2,1.335609366452813,0.047457725608590746,411.39385008099316,0.016714863275974896,0.40345179098908945
0.026988430695976826,3,0.5355533509766683,0.06313286772709852,1334.7088867731375,0.05120914271804191,0.25953607562198117
0.37140721705548513,1,1.8192536388731848,0.053536021035046275,1764.0088555504212,0.11478269805761612,2.436923346444456
0.16530382801764845,4,0.9288664724510856,0.011001901985361232,0.0,0.03380011039400565,0.4756109104805778
0.2281705950195462,1,1.4052675461710327,0.018994677469984504,253.23836547627795,0.0775177542013177,3.435009167954626
0.4757602157672397,2,0.9457942656218097,0.07870722502843502,0.0,0.08198741001721851,5.0292103262136205
0.02948532284439908,6,0.09129749100476747,0.011201927804265415,0.0,0.1943350054893091,2.6691847615043716
0.10608787924181254,3,0.8949362826449156,0.03794307363450084,1097.1646022851487,0.17097306353245037,0.4216590235923159
0.4235230601797448,1,0.6777212986775032,0.06420685436638503,1049.702065615012,0.05940427581841621,8.970150412371916
0.05267545572992803,1,1.636413337496495,0.04252795716835447,1170.8201308156097,0.006903976389883224,0.701841056106059
0.23079253930173566,7,0.549463051039039,0.03156608604781171,0.0,0.08279319397784361,12.140326444668563
0.30787355490444485,1,1.6475807684425894,0.07640484091879912,53.05195512337216,0.12764387266649802,0.15107539355684926
0.03916710317040813,7,1.7431954545764612,0.020535538264803668,1610.692014095643,0.13287023809881174,0.3102711138643731
0.27929599179385034,1,0.14201532906651093,0.006414401126552276,0.0,0.18840341661216609,3.5540148050265414
0.18734079551055385,3,1.1973848046381947,0.04017228879695895,0.0,0.02403178372906237,0.11076878622373441
0.3225597754051806,5,1.8049066145716834,0.005315507548461991,327.16739139724245,0.0033296155354499094,1.8276831844437031
0.2481402419608255,5,0.7987374967893819,0.07281077094257074,471.30016177279003,0.09385494915474596,5.673845547855225
0.19982236697764308,3,0.8598621547802963,0.05383732979155459,0.0,0.061956386256864324,2.50888782380712
0.40120636685399275,3,0.9002467223638644,0.04634130830564215,242.80355439923903,0.1780407545704957,0.20392459729689996
0.02343595188660225,4,1.3768100369842737,0.02996423096160971,0.0,0.08667533835397931,0.4483456065363899
0.17947995576155013,4,0.6795376543022358,0.04137915053714655,0.0,0.002335367670507931,4.062741166676059
0.3020345326699061,1,1.3542412794700187,0.04846233995621523,0.0,0.04436061829674303,9.540016211961149
0.34725437553231614,5,1.9440505129931822,0.018278939740381663,1087.2297777223137,0.02802202036572349,0.1281661132316978
0.46356229171241453,3,0.3200498729263881,0.001868167706254873,944.1198673196868,0.058559709622558256,6.161389602005256
0.4784002261881064,5,0.9480128569663118,0.03553021705326013,1113.49318637569,0.01855213905418427,1.1821293179144599
0.025159445918357566,6,1.0828152146951704,0.012331603454278969,1106.324384199508,0.15261846070836912,9.40441350312424
0.15814329218223194,5,0.38924767340974387,0.004611806575921991,0.0,0.05477929073402587,10.577088262500439
0.1801657491249487,4,1.1659688523292049,0.07997710433247313,0.0,0.1635346290937861,0.397722514846241
0.36994318232949247,2,1.2468119163188802,0.04555018889458262,442.55861025374486,0.07963241090959941,0.25350663761880854
0.27608204613925497,3,0.2647447580699449,0.047441160028847816,739.2484440662258,0.0922348184892823,0.3805542181546956
0.2791680149075553,5,1.5884213250988108,0.022061405460108558,1890.8820829595259,0.030610397911618015,4.914443201732083
0.24686964362684186,6,1.1774630442626397,0.03002639263356815,0.0,0.04144139512613137,2.2394322807036255
0.2605249764783681,1,0.7245361741971823,0.058057317057595925,939.159587731877,0.08924771143999892,3.1613304174011967
0.4052287777398757,3,0.40094903105680557,0.008741136824769713,906.3421424358091,0.16954680198720504,5.624575936190714
0.4428977338631697,3,0.0615800993208957,0.0777226433912471,0.0,0.14707192275527195,4.681658291032532
0.024969233975756185,3,1.385064863074216,0.010754810352649748,0.0,0.07238438955798568,7.78759872414553
0.11324543229492955,1,1.5867880286106955,0.07924368262161068,0.0,0.19893507967043958,0.031089247515262517
0.03163934872713732,4,1.6682891940013516,0.059238090556281535,0.0,0.15093215652913686,3.463432320515247
0.38539680706983725,4,1.4000685455442088,0.008352330379846515,0.0,0.1449067478064613,3.593328638613069
0.02200423965114965,3,0.6976410679389586,0.008879847903305187,1897.991650630718,0.015390978576329782,10.225765993367451
0.1567871821973982,1,1.0012485361408356,0.06356124355925989,147.94072235474886,0.015507465238212798,1.8288072232157448
0.12386831829746343,7,0.8026120484394244,0.023401207285659344,0.0,0.05396743449059196,0.3041310214543743
0.4226930657085345,1,1.280952084351688,0.07831848921398471,747.7374640214204,0.12991567175211516,0.4476697677247373
0.2565111358821198,6,0.9078936962167141,0.06571455933140746,1292.3271323077647,0.10572941360730234,1.5559404879913221
0.15856508913591258,7,1.1050019348157782,0.041613591384860094,0.0,0.155293883930224,2.7351294026807595
0.1492943055344832,2,1.6475561802023304,0.057737724217374345,0.0,0.08108688084930012,0.1188485766219399
0.3936781522851991,2,0.5523391156417989,0.056558118996457296,0.0,0.16802835997884447,0.14600721852489407
0.37304298751451503,5,1.8617747441216168,0.06613717279448147,0.0,0.11343188717737547,10.718091636071538
0.45452791256470493,3,0.8676348391530591,0.07279545150835136,0.0,0.19285160488153152,0.3528990552565241
0.25196887982389504,1,1.8603419308768492,0.06753989619246548,321.27590533762066,0.05159204536599042,6.828072366569005
0.14643531004271293,3,1.901545415462676,0.056203240122784555,0.0,0.02196761952792044,3.3986714966416214
0.033611146072715155,5,0.9971415990114183,0.030809609592200006,978.1370754727291,0.023084527392444473,3.968512782187459
0.01141181331615115,7,1.5351352570358365,0.03332035455231032,1708.178602183796,0.04318681688503296,2.625268118733418
0.4412768015815277,1,1.5924811911257086,0.06032184279427059,0.0,0.07955213641512081,6.257242689922262
0.3711773097117051,6,1.2896652080446276,0.03161047260892026,438.46978604340353,0.1781527855245987,2.155036944902688
0.0384650565193714,6,1.5640306698659345,0.04350445822929899,0.0,0.13792084432336676,0.4582022903006703
0.42075002617739543,1,0.24873679800102044,0.033091413993490824,838.3650071469948,0.10665659800400668,0.5446571950752603
0.2374066281322169,4,0.08331363676536485,0.03181180636736289,937.0918345397948,0.054183273328925474,0.09181358545069762
0.4299934843295783,6,0.03389532977916199,0.06161265694056768,284.40409678512367,0.05385098375876261,0.1678550470668654
0.38883951822014906,2,0.4465267710103926,0.051348796708428436,1157.780399058841,0.13293846188221342,4.456648016808731
0.3410342450556273,3,1.6595262405752897,0.04849172519467838,0.0,0.04221188871713768,0.4527439498966678
0.3579663615810523,5,0.49320726995604924,0.03872616557681613,973.9291653759959,0.01251104543998496,14.427243190941123
0.39474287614272013,4,1.0889646656005258,0.07702146802025649,0.0,0.0737704689040129,0.1220415495431069
0.07899344495741127,2,1.6943888780671634,0.02521176313060426,0.0,0.19634901144663713,4.578894337614965
0.09030170165243627,3,0.5198099584856657,0.02761537667953684,616.4837860592697,0.0945276653634294,12.077213502675274
0.040479580820704346,1,1.861213609693074,0.039784995693517795,0.0,0.00986820086628715,1.8586251503487583
0.382933269951699,5,1.8981423926296879,0.07698481623902274,1860.8875596790217,0.15241001455838463,1.3113857094025017
0.23471299232178158,3,0.33149955964031186,0.03564333109935127,0.0,0.010945826703276068,14.811925291641158
0.39864000825840235,3,0.7837165928181578,0.052729101157562124,0.0,0.12767119070391753,2.3300333149936243
0.4769798103776606,6,1.1390795591342073,0.020763342654087226,0.0,0.11911862614037841,0.32250133437010564
0.4907771400135243,4,1.658783253917025,0.058569808547436465,0.0,0.139963920288287,4.788035581990224
0.4838558138987571,5,1.708443812681736,0.0618471233357973,0.0,0.04717592595132009,4.016069782764828
0.4804822145170853,2,1.5432538219572154,0.03991165316287536,0.0,0.0027986553467791433,4.667873307943019
0.12205162200576829,3,0.09211346837991274,0.0646463425884664,0.0,0.10342203980716635,7.538210781566948
0.13044564526001498,5,0.961780293206018,0.05299472093608545,0.0,0.058488102842923974,4.637889610952223
0.49669495755725235,1,1.522015846990784,0.02973792531218746,0.0,0.15109872969605753,14.509285945025484
0.2927900671587772,6,1.2440791247419876,0.07939538314998232,0.0,0.11519440956679816,4.312722504748367
0.4520958376964967,2,1.8364781733508742,0.008144294635962952,480.66292677786737,0.008747062701807824,0.11235423288973885
0.4347174737079401,5,0.44978043363182496,0.034510451901925976,1148.483051964441,0.08607286443429424,4.278468450689557
0.08046903165425871,7,1.7881886050665015,0.07571652105203244,867.9235882167615,0.15629273509836947,2.7389293346574597
0.11029325343806913,5,0.5106181530078633,0.023655573923328337,113.97876705078646,0.1275724512872137,1.8285881112033897
0.4409533196567819,1,0.8188241436340367,0.06487028648063348,697.772514575429,0.13902999343728525,3.4459280908967953
0.08428158665204868,1,0.9265873065455936,0.003632262517495404,0.0,0.18627098420617466,2.9601523425054577
0.2706906227022834,5,0.8331316569645844,0.041800814486847075,0.0,0.19464255443149425,0.172973398229052
0.1589318310049634,3,1.765468761346844,0.004152075486984721,0.0,0.06270682313020826,3.382860167611639
0.21381251324510897,5,0.8452583940272183,0.024234472451234338,0.0,0.14281164528660406,6.816139677566026
0.19176109399730495,3,1.9990878374381886,0.03246009348920488,0.0,0.15273409401063506,1.1732065228712865
0.19653794376882422,7,1.0889939182077302,0.05674566627780877,0.0,0.15634571176768589,4.784998035639176
0.03078692612137693,1,0.7234205097191613,0.07593669014964098,303.38567592248535,0.11245824779123571,3.688203638717588
0.09432372235467709,1,1.8658497251393442,0.0662005055898577,1442.9369396832453,0.09288151261881071,11.945954272532854
0.3672007202113501,6,0.6892081688951193,0.002468632344645796,0.0,0.02929191889407522,0.34261871129205046
0.08708987720089584,1,1.4023397231805195,0.058164540929231213,1896.8268008616121,0.09975549182358995,1.2336590161921595
0.39524076960791843,4,0.7687100770482698,0.002015473116738349,72.26506773544358,0.14103625614618115,9.376613281482035
0.12513696844801686,3,1.0021757605243942,0.05649545463706869,1104.4324059095532,0.08648959277163687,2.670189625634865
0.06806125579651628,6,1.1054141514370905,0.03172429455919706,0.0,0.17319385602287357,0.17560029382827663
0.15212231066159407,6,1.345405988417796,0.06373451177530978,0.0,0.1253499458217928,4.2477366955472196
0.4539826596358177,2,0.4950201462808239,0.013025203974149102,0.0,0.004939336011103623,1.3614245622479413
0.2117111756237842,6,0.6680999313375384,0.058615924047222434,0.0,0.014602286861681767,1.785912460667177
0.22205577100363869,3,1.355081891007068,0.005768887434354815,0.0,0.076906767241249,12.848618229588801
0.3694085057811309,7,0.3979842779188736,0.03346670912818241,247.67715022866034,0.05629270244185274,2.444085174175277
0.4903806830616707,2,0.9002330529496221,0.07816833864412587,0.0,0.11000915418228058,10.554954241058603
0.10300949845635643,4,0.8454572737878645,0.02772193343621746,0.0,0.05359097636856922,0.25702865785267826
0.1415815404731276,4,1.0992125370615133,0.05518230793984969,0.0,0.11947657259046221,0.464995437690384
0.04348371137434606,1,0.18413397216495087,0.047923566972030526,1314.584399231442,0.054213003543650724,0.48355722364360176
0.13293759238864022,2,0.9013729498778262,0.053764483100180276,1075.224628140313,0.050655349000811485,0.11181838739637175
0.06736236029784264,1,0.3096572251954397,0.07557890070264638,1771.8379584180575,0.041323894192933294,3.6551281748786315
0.3432548238690166,4,1.2549731435685587,0.030849081029251844,1106.8806460350436,0.18799065074740814,0.37109117787112855
0.3124520202158756,6,1.954013908877887,0.008151448069834944,0.0,0.08728297573389027,0.38174064434782873
0.4581288452857939,4,1.7226392516301816,0.06538018490934569,904.8507110599845,0.1992561950184505,0.28703170396174094
0.33863100743733954,2,1.4281054467562535,0.007311318906542113,0.0,0.17561653928424192,0.5618549930510537
0.1317043675812021,1,0.031626392465924136,0.00617161348316655,741.9786199549883,0.08552953455458553,0.3106350119877582
0.3014535751921169,6,1.9029814203535744,0.06707934670744199,1654.8184198314466,0.1866093911184195,1.4012690804043166
0.3122239678477452,1,0.5067143401193228,0.07901276738730015,0.0,0.15437776365020478,1.4279783228786296
0.401862194342782,7,0.537707028764387,0.029475913593326315,1349.6029426773296,0.15769001832371424,3.3361124875527106
0.1317079682841717,4,1.6672862682879168,0.03995454158934683,331.5558826606511,0.15701348437918175,2.7503605322221216
0.39469787990689675,2,0.04382665755001791,0.024083686226745043,159.54335082750606,0.09872805014724988,6.053932181078052
0.38457595675699713,6,0.022984946596230627,0.03270218089833057,268.1672022707915,0.1037684532555036,4.741390883840525
0.3759205533715218,3,1.6282513711823237,0.05481074478995873,0.0,0.05854830181289402,1.6248062587892955
0.26235277325776435,7,0.5097644978297646,0.05940246662723372,0.0,0.17465452470682022,7.160601162447664
0.4065689551597786,5,0.6534850840600817,0.02835399590344439,1885.1855844406634,0.17538756719532,0.21458344933756562
0.2811518829773882,3,0.6977801500836471,0.041727951680908655,1774.534266694794,0.06961150259445675,2.3653222916755654
0.01649300641691617,1,0.3207308122394863,0.05389163339799262,0.0,0.1390959685115212,0.08524911107060337
0.09098940017004914,5,1.4374792357070605,0.05859208392467033,364.6574620579982,0.017627313164627262,0.10790164317365372
0.4465192121417419,6,0.24299078217553083,0.05077114051899044,280.9093263930672,0.04316697175758171,1.2511898186787567
0.12942744643692747,7,0.4684067418526683,0.017564313858384157,1251.785947555162,0.11181881019124709,2.4302495004356492
0.2750434518806596,2,0.823729480834992,0.06028757045966024,0.0,0.06618288087084635,3.0893422427876676
0.020849322981588432,7,0.23078928435783475,0.048451031145872916,0.0,0.06810410853758467,0.35527461410145333
0.11106353577971477,5,1.5296019449185545,0.054311818006227246,1905.311956015078,0.1555213712275526,4.3578900606237845
0.3398907552837205,3,1.1213565898778999,0.05027411652916697,543.8811478692944,0.002985776555031425,2.910454697064104
0.4196976745715519,1,1.748341364314052,0.016274918010887297,0.0,0.0578162472435838,2.7975280793420216
0.41209339126152744,1,1.7651197535446945,0.03730478049121361,0.0,0.07817739189346933,14.017740285462287
0.10970164382382196,6,0.958520179829075,0.01453786345825252,1703.4593733385295,0.10957145135116042,9.504785714705953
0.2615504230102086,6,0.8669444655112688,0.07977458831223604,676.2661976401093,0.04480215385504588,2.1763997319179786
0.04366970208474088,6,0.7489607999360339,0.029558554722510424,0.0,0.07063904296639832,8.79226537180449
0.4173701760487653,1,0.7464823127584677,0.05055909443169512,0.0,0.021632037566121025,0.30307709388630144
0.21877477903678755,2,1.5639199543159183,0.060139759391667234,1060.1157294890183,0.028924579120509487,3.2921320327338677
0.3737040617275527,7,1.3249678938832163,0.027757012778764675,0.0,0.0325770958642473,3.2243529087841427
0.22224992454443154,2,1.77825584788002,0.04630454036095524,355.1295962070211,0.09531032280310445,1.7192421424236444
0.10910454845702211,3,0.37074555816502297,0.047981705197639835,1743.84729765568,0.1451445368595784,3.010673503178153
0.29648736418125415,2,0.7655975288727757,0.06574647572682875,1602.6708285556685,0.055117261844271306,1.6882789311217345
0.47014355493064286,6,0.45008375234174425,0.042297953527874854,953.0736919831473,0.05641305172834103,4.2069532810960535
0.04093874353442174,5,1.6298794570810784,0.062242019451572254,416.0586910998915,0.018588604449919225,2.157562462074581
0.22184965093764017,1,0.92798026292885,0.021120347996757268,0.0,0.17780435787466123,11.300398784799821
0.4304789931830407,6,0.857969863681781,0.01608521216399561,1485.6463209306728,0.08784750014718902,0.9244734183096963
0.37652232082198767,1,1.1534047977155126,0.005380473117389428,0.0,0.19977962979462485,3.8668276042198086
0.40526587598314007,2,0.011437162721578575,0.037266060257849974,642.8590312735993,0.06430278493379095,13.917108652027459
0.4260977126958351,6,1.1323613824501417,0.025022239136828325,502.4354516021809,0.00386190776834492,3.306843881888041
0.3835282860054704,7,1.6742392556613044,0.04956209600290427,1267.9973938233366,0.17302221612680446,3.114276709496807
0.49543278696222526,7,1.4660072392567067,0.054090031807063225,0.0,0.11618919343908293,4.407848545736219
0.19577255260406703,2,0.6838105562109806,0.0422141972977356,0.0,0.1991305907902778,11.495089297074474
0.404162889241962,4,1.879863583939645,0.04032030108770608,1674.0222086446977,0.07312383320054999,6.100632842011152
0.4632731159180771,4,1.0007188924311212,0.055270718124065824,1314.8459656991904,0.055782354476920176,0.32889195360855406
0.3036580369083245,7,0.408333118336486,0.003387382301790707,933.1765870218411,0.1898001346347925,0.3521358114196227
0.022233448838828013,3,1.3992791392442434,0.0670523979990914,1923.7942865112082,0.10765108069157153,2.3084923995082853
0.08530861099366022,5,1.6675839018376546,0.051406208825890726,0.0,0.1483723799286425,0.3092189068677649
0.35429370087053214,5,0.846670288306395,0.006765230247779029,1767.897360997332,0.17670004848722573,1.4505432416281896
0.4328684473658473,7,1.3669075548150178,0.030035288773433012,1774.937421196316,0.025918891343849455,0.13162669429005647
0.3486937865994048,7,1.9467652383296423,0.03720076140211421,171.6684337666406,0.06772053096558085,0.48841127273516316
0.4103172145632,2,1.8759304628677884,0.0068082788895828285,0.0,0.015135942919756423,0.13780191520770602
0.23986253341331357,6,1.8847669080045537,0.005985696415597843,0.0,0.10644637095661671,6.660218236428608
0.0660714441200557,4,0.5567369633253132,0.06386345577673494,0.0,0.06057729136736431,0.09094911976539061
0.13566689989821534,1,0.7073933731614679,0.024198322333434125,381.7250637530989,0.1797493747266938,0.8441597997469088
0.49349725973541586,7,0.19716585404482467,0.06634513873006076,1253.5766714619065,0.0320401918760877,4.012502120992462
0.15877572969048173,3,0.0062818120962442325,0.013939472131630364,911.4056586935288,0.19686266534765237,3.7183390465110855
0.14814033102331728,2,0.916862848262876,0.0580004861039295,1351.064057528653,0.1556328078446995,8.138754967224706
0.27363112562831243,7,1.1251104025460947,0.061212826305341306,80.8551853938006,0.1050292681708121,3.452247598890668
0.28419363868801756,6,1.6764608421636011,0.02891230232537491,843.2693618558609,0.06631838802998954,3.931011314036908
0.07174099365335719,5,1.7797674529469731,0.06542850445240236,1485.6676297609745,0.10306651404824307,9.027758332328998
0.48541531876328964,1,1.483205238903571,0.02235327073408576,0.0,0.17108598656854632,0.43150257082874777
0.2504748532890566,6,1.651421903121334,0.02285660541287123,1941.3567244231222,0.11468083351748237,0.20603767438840317
0.40088880904062485,3,1.7879704100939215,0.026998426053991855,1167.7852291767033,0.06819221109784769,5.2523734584826425
0.13379655500443047,5,1.7481435466103703,0.019973516219218414,0.0,0.0011300247614986114,12.925948132091348
0.31739117819443224,5,0.464111479402312,0.021229608928158034,439.03536411273643,0.05949587110236261,0.4757963833125515
0.47288620876383664,3,0.47629330733139263,0.07267476415035003,959.2838552326467,0.1523545528486012,0.2590147164270239
0.22069275491931928,1,1.4081665426426782,0.07481376693811946,0.0,0.14191624514522447,3.534798433162917
0.3838177344216384,7,1.2932008878973238,0.018139294752555567,963.2438625709362,0.15493699563111257,0.32437150527841163
0.14645065717450065,1,0.876357226496689,0.06713443159842389,0.0,0.00596936076129287,1.5686535053851587
0.03431104293603035,1,1.5467620955644994,0.0731972692062375,0.0,0.18455112944935048,3.2484682880826736
0.10792222292815036,3,1.5015392984221114,0.010038903743932055,512.0199835679648,0.1358012328478857,4.6811512274525935
0.1997880338079039,2,0.6360991451018374,0.05995408047846469,0.0,0.018422184141528342,2.383620284891701
0.1533330484833635,5,1.9229846491482243,0.05342943253606507,567.717994486691,0.12268125863390651,1.928973651159148
0.4255735251576587,7,1.1992551369198428,0.04050642474834142,0.0,0.1826732699501633,2.550286203967632
0.3422757771675623,1,1.4124923251105244,0.049815163275983794,658.1648997392642,0.06865440089485639,0.23811512417555658
0.13791377785507558,2,1.9833921467449036,0.043280231914213,1881.0430230676561,0.09110992912797244,0.10749584498561507
0.12759478829627918,4,0.5458999894629757,0.027314021568343866,0.0,0.1827333034038698,0.03236247972660746
0.039447241085303376,1,1.5023542739080855,0.06030944661679304,1813.5015612380216,0.16366416161391578,0.7502248475620727
0.013370201487628164,4,1.729925210230404,0.019956656343458584,1719.4583730767997,0.07199697361303126,1.827825571689392
0.1564399962769251,1,0.8801160930187975,0.05837695251979378,1227.4041342617375,0.17276397200941207,6.733430529752809
0.24805054016718942,4,0.575890685351985,0.03942556676262597,0.0,0.1196203090924229,1.2398248808549543
0.06712570653229138,5,0.7102632955076251,0.0036199351215110286,0.0,0.004020199575078553,0.9763395614505899
0.43777950307456087,7,1.3993798181174169,0.03286856734723972,1888.1853950849295,0.017464073885110485,4.009947471097449
0.05838123137250627,5,0.9279633963337748,0.009496727640728918,468.6569805535431,0.014379601838021668,3.824900047098647
0.02589728856312161,6,1.7269314606829267,0.01784496492342055,1589.5099819269021,0.14988400445114944,1.6080987243677005
0.21753847883602923,6,0.519341677900828,0.07757789062383816,0.0,0.07015624026743718,0.05479967119401323
0.3490855154138608,7,0.43651974538745897,0.07915454126237052,318.8762752442203,0.1380637456214617,12.451794953696144
0.04745553190932936,3,0.7016382186700312,0.029004783724727562,689.9499914553434,0.04260281536766236,0.24934576681567194
0.2462447284707225,6,1.1313763442820115,0.014613790739173451,0.0,0.11571801507399303,4.016775414839819
0.14512112817622783,3,0.033512608984764825,0.05433593209609355,0.0,0.08473147915141924,4.7169902521385465
0.16278304710832664,6,0.3224376239502451,0.05251276828005255,1146.268181575824,0.14323590201234523,0.2263034880339875
0.06701565773060297,3,1.5471442034614407,0.0035232303510771513,1314.059999895089,0.04706453908668466,4.730824360634371
0.032925064036166574,5,0.8763534333327105,0.07194082871397517,916.024730667848,0.15025565401629606,2.9200232063361944
0.14626876238251466,7,0.7905186308623156,0.014542309377388953,0.0,0.16563312779771194,0.22701595167399702
0.0924197913255939,5,1.4202295326745586,0.007658324379551784,0.0,0.19376624650929708,1.908725652784161
0.41988426040283644,7,1.8686082283349805,0.0733136435625653,1278.15027614768,0.08123891600358074,2.890823082579194
0.3419446549018643,5,0.7964555879160233,0.03551230658559293,1333.2072185293805,0.002603761565081838,7.371444659777112
0.06273095053233083,5,1.8301214650344448,0.020093541403872105,993.840116393338,0.10330499306770069,3.0786899027855705
0.16935348617534354,3,1.118810851454714,0.06627905071161928,1408.5554673016597,0.0655448157313161,0.1291165270099704
0.4300239119591984,6,0.8811470560246146,0.010592369079716368,0.0,0.12424934737324538,4.010851708173478
0.49883518290317885,4,1.3190119633026542,0.055043644565930305,0.0,0.18776742691115297,0.3226940995227253
0.11911127877031162,7,0.9937910370000977,0.07335536385607327,304.4774650285092,0.11351857355394074,4.087449826604432
0.36487394832985515,6,0.7862078151188021,0.00801964509783013,0.0,0.13268201784614736,1.233586012166988
0.12456828821560141,3,1.6603019659958362,0.07586012302320634,0.0,0.05363864499377881,1.7497358930787972
0.027605789271126766,2,0.10124494453814825,0.003151346695425552,816.145462341699,0.006701833087953249,0.5508614146506011
0.39581225949314375,7,0.4957467174568473,0.055817304604263436,0.0,0.11367678813477071,0.059086279789823365
0.2723302911790091,7,0.5429840050854227,0.07233946331260521,0.0,0.11042384399246484,0.23027698183754847
0.41785813443388753,1,0.4435639563846372,0.025404366389560142,0.0,0.018430668183783337,0.12082722516005903
0.03477400210017409,7,1.7413769109148787,0.006681993174401502,0.0,0.15074119917971238,0.2614916289357159
0.2266324469930628,3,0.9687823712016985,0.055504444557392944,471.68852996373136,0.04250908518046909,4.598612019364159
0.27823327178606566,1,0.5363487354898266,0.028885978107282977,0.0,0.13625974614983571,0.0462961709862512
0.20203617584251543,7,1.605702417991092,0.01972159245103864,722.394335105031,0.0681248798760943,1.0495018216592957
0.06445720219268608,6,0.48106317036029744,0.05379070746333629,1362.5296552768732,0.16504573900262057,1.2034263681898738
0.37159596422482016,5,0.1640473704229417,0.0027951397124790756,108.54159769069017,0.08946112235698177,1.0277606651020026
0.09284027143546096,7,1.3188459241639952,0.046224564020086775,614.4070671580015,0.09406856128449054,2.35035714141271
0.21946836250423132,4,1.3307304168378087,0.04005687406693371,95.8883641074926,0.08649494991547199,1.0812850035939967
0.05877779127629982,7,0.03240079467893442,0.06547043398236282,0.0,0.17809276189620965,7.940674621767778
0.11305609258003889,2,1.582927081779038,0.048197586456276406,168.96392886052004,0.05827842847146957,0.48299688561288256
0.07618927165062274,3,1.3529674990412088,0.047539346184687775,1380.938296098557,0.11549647545269062,1.7416521247124608
0.386604852147469,5,0.9281333788090094,0.07544495179255772,0.0,0.13256699500731062,1.629860466493255
0.3287083719236935,5,1.211993934542051,0.06795571249805885,0.0,0.14709610054928762,2.6533776646378513
0.46514117942432714,1,0.9306738678789721,0.0010945931808544885,0.0,0.052459726635822025,0.3267464032426779
0.21893519483279505,4,1.4485090549982664,0.03940792041774513,1620.775531473311,0.08017895093584759,10.920168427890628
0.09129150194168525,7,1.0005570704155207,0.005551526872334671,0.0,0.12058148912615814,4.627706299599563
0.20922936330614142,6,1.429437667004072,0.023468273715280787,1410.7739317350815,0.18015255812921202,3.5436248054272586
0.34302025937362035,2,1.1623908474419131,0.02029084444112306,209.2511879271877,0.18493312708813758,1.074985937554957
0.2267596012201852,6,1.457556108901295,0.025882432998839324,1135.327935579199,0.06920345416015353,0.07437688190042605
0.41744398322498955,7,0.9979422338275319,0.02546096331085807,1307.5606653200941,0.05836206385630633,4.5104003287862104
0.01668067171385252,3,0.7131923519724113,0.02035850652946082,0.0,0.10851958194553844,14.57631646272588
0.2872150258005117,1,1.106223942116743,0.06498064967922736,0.0,0.13358730443432867,7.257277238391274
0.2010508756826295,1,0.6298368891777915,0.007731586743020182,0.0,0.19747989555732964,2.8934229492725745
0.43807307908123555,3,1.7826364127205974,0.037105139978214394,0.0,0.09581579297664052,2.70066098888429
0.43118263448978905,5,1.3893075456203507,0.029173654098746928,1349.903315514776,0.024792837552659236,1.655345733393911
0.4040068781204605,3,0.9999179839295769,0.058419935162365697,413.947882605481,0.006112239329012226,2.4936516785192873
0.31238191277004157,6,0.46508266324171,0.018082655743092167,1070.9489800832189,0.05717023161217364,1.7503032344295448
0.388040910379259,3,1.6648343668205055,0.07803784226512175,180.05306874062526,0.01057036977199505,4.696450652086029
0.2663743969357287,3,1.3786208242053806,0.02018495416557497,0.0,0.12311394269488739,13.099244203028993
0.29573380735879595,6,1.7872705066922674,0.005971074486354304,1993.3030297635157,0.14038592803214428,2.017862764103689
0.47137265783962756,5,0.041868235653466535,0.02526185209995968,0.0,0.1535389359281038,1.9910849843134266
0.3410748220814658,3,1.8612849527039197,0.054088402065148145,0.0,0.07463488030442038,4.055066787019469
0.16581145015676413,3,1.9386436245683578,0.03022713709817493,0.0,0.06852174819460392,1.2286535298449617
0.3324700868476811,1,0.21267459469645433,0.009131197544770568,1751.677390743308,0.09096523276546184,5.001865281706631
0.31084993357396296,5,0.884066841862247,0.051858677504627686,0.0,0.16293094540072328,11.48765386159386
0.47773730514081725,1,0.3610364567848472,0.020997646809701162,266.8570573095265,0.17376568976997434,1.2314209436091854
0.3410544417031392,4,1.4687313529844368,0.0167064748395672,0.0,0.11092086142562964,4.423608775762275
0.2927209900846641,5,0.5085224628897291,0.023637433970140745,1372.8641767308754,0.11896141723316678,0.11088043525273442
0.4405969323985281,3,0.30289104387071464,0.034621718747345515,207.20004008072343,0.187974149216008,3.139807632276482
0.4159349487601055,6,0.6300207447534631,0.06331278004055804,751.598482413334,0.06208748415959462,0.3488908492657732
0.16831885381650527,2,1.941880499209237,0.014172281857810045,128.556761617097,0.08167914220269185,3.112903516593353
0.4686092516417942,1,1.7901305777024916,0.011931266075178994,1254.9665417002811,0.06902760981412033,5.12907227980992
0.1210784195167126,3,0.2643593155077435,0.03518845117710679,792.8560977957762,0.011858516248257091,4.560814742498036
0.19777552931415335,5,1.8110776758578022,0.06682980242273968,0.0,0.08878895989389585,0.15430175383357964
0.2567380209408242,6,0.4363486591865464,0.07483025290456938,918.5037256568507,0.003898863795504501,0.4371574449116252
0.09066792984674768,4,0.028661811734002507,0.038266838533644466,0.0,0.16410230106009419,12.877421883023699
0.14884839375664793,3,0.4535452506392914,0.05332175813544279,0.0,0.08892490725558898,0.11669575399814518
0.10912403508751978,7,1.1960182346574992,0.030808208225842373,1907.209846693455,0.1768293809456679,1.3737329107073701
0.24247309787416016,3,0.12408283391310859,0.00569245431023278,1153.735928531251,0.17572866905604695,4.8190595918218255
0.033860475715965586,7,1.5556224889169015,0.0657871289165478,1073.5549741153845,0.09078744509869402,3.1514657645653497
0.23259641442701304,1,0.15437506045293592,0.013590965857524583,0.0,0.025533472080490425,1.6063134912203014
0.18548846109928077,3,1.3814526302265262,0.05830289778052608,0.0,0.18568229829554078,0.16437325087246513
0.33947100827136517,7,1.340868667593835,0.05134556134411483,0.0,0.0984391711303745,0.6080227018019999
0.1743320870465566,6,1.9770799740914133,0.0033142471055510204,1122.2351478105763,0.19266864638594824,0.2604920040171912
0.09305700501436873,4,0.3580632748831676,0.06380112362371887,1116.51130817168,0.09554288470048686,5.727349477786684
0.14749439848657883,1,1.294915881491092,0.0675004035189835,0.0,0.137771816953921,12.30243334357868
0.2500365335916948,1,0.8193457385850382,0.07825765348212467,0.0,0.16003243624985164,3.7889165559927216
0.2158053921048748,3,0.7442404304833974,0.04175074625263545,0.0,0.0370638866488922,13.90138053446914
0.3296148043405346,6,0.8054789694936615,0.0415689340642406,313.6737617400667,0.1354157530219487,1.0985440950829795
0.08778101405341167,7,1.143578631871961,0.03472417408647654,0.0,0.08240794457834037,1.8627345004043399
0.3681310154278818,3,0.836779066756667,0.028624899946847443,1172.40718584816,0.03313010897878378,2.9906229929443247
0.28944059997838134,2,0.13830713543700246,0.06619989933085388,0.0,0.09513247316526112,0.3586895491387422
0.17197489113008252,5,1.1347818883121468,0.06369948875651098,1239.7104479706575,0.098147357386852,0.15282651840613037
0.21535874172937178,1,1.388034828211484,0.014620093278994873,0.0,0.08368729854935113,7.4257826607382516
0.05474131324688841,3,1.1696556226115817,0.07531793900048524,0.0,0.09485824865936848,0.32407049876283567
0.2797605234921505,5,0.25075069846774656,0.02028902166877666,587.2963059246598,0.09940970389896119,0.30640400967456005
0.1648780650831994,5,1.620322179919405,0.03437386906841183,1830.430860435219,0.11485246978071906,0.15633487906419313
0.10733584267972883,7,0.7694651530148899,0.03487961444564687,1199.824315545518,0.01440799743286322,6.773265532239394
0.3643051016643377,2,1.0361549960806895,0.017119574295865084,0.0,0.08066225439842582,5.138621359128601
0.328195621915945,1,0.6176045506992307,0.023482783396692835,0.0,0.06722339292319832,3.6815688242266584
0.3346582796920047,7,1.3260544074462948,0.05432532835965099,1994.0513639527558,0.14431133472525712,4.458885810324546
0.03411824812497319,6,0.11423432674088652,0.011010378751868909,0.0,0.18074150184159676,0.12844421166947018
0.2139687625370746,5,0.47813276815005934,0.06064323368089732,659.5661485711853,0.0827258439690463,0.48898368096176503
0.3263452627586217,7,0.7718790218738547,0.029915770758325397,345.1737839633861,0.031225348294989425,0.7450972131507692
0.09940443991972012,1,1.4586196009544123,0.046004845876705176,0.0,0.10138673239220172,2.4235993767501007
0.3261571021638853,5,0.46444938180268625,0.032426028851756265,0.0,0.04052769115851196,4.591637124966466
0.1914137709854426,1,0.6474616512208473,0.06121550670035136,0.0,0.13188551330791476,0.6150640959038061
0.3961053654595565,7,0.5348305569442153,0.06499125793489208,0.0,0.12039360379395214,2.9566558998905
0.4638405489233291,7,1.7144618747395821,0.06117207603078988,0.0,0.13837424653324507,11.82540478767157
0.17249225606283863,1,1.3387139684814966,0.018502394265276438,0.0,0.06190338607952553,0.11324975777317939
0.012518417516924549,3,1.9047735047974492,0.026305809427888748,1516.0590346155282,0.1625773006929388,8.129195480288226
0.4306681627302617,1,1.9731262282288209,0.047827198947654796,0.0,0.12972060855634981,3.372577598391943
0.16050136757106365,7,1.4349299812238243,0.03803805721861869,797.6244250636049,0.034487439113034854,10.489096316400717
0.10270593827127389,4,1.1556559430228714,0.024629930021949395,1596.472905322779,0.19626707789363698,14.338659428462488
0.20708963007508507,6,1.3420259610658196,0.05576193328034396,0.0,0.17597663167524435,1.006657099381375
0.2098112368590197,6,0.6522157050251469,0.00567327675903834,0.0,0.1726368049729155,0.35673810911873083
0.3185178890199104,5,0.5965449084682455,0.06204042373751995,0.0,0.028711560086156093,0.28580094839716785
0.488131621088977,6,0.5112781875907231,0.04220509191995359,0.0,0.034324489159079714,0.6497058702621129
0.06972516044081252,1,0.2767431894411132,0.07861916327283087,0.0,0.015599449424460933,3.179148665705927
0.2134213704564454,5,0.8214184907833324,0.06540987026435889,1713.8228149343793,0.1350357690481468,0.16012888566124575
0.032570901204168945,4,1.0257494846105355,0.02566836341998749,1991.6821815000799,0.08761719365165423,8.450168399245662
0.03681902639324308,1,0.8373902866553684,0.01757079428756552,0.0,0.18308530601175793,12.42292231486947
0.09222915186655402,6,1.465718374663662,0.07009539826156448,502.09051884371655,0.14140697961828855,1.5897859265636174
0.04577176052081739,3,1.2426612483114146,0.05749744906097619,0.0,0.008082455930488801,7.327283489155518
0.036376957205144944,2,0.5490133470141565,0.04997311794269734,0.0,0.09098829334160422,3.589312743694636
0.40938532933114535,1,1.7228913720426484,0.06928285400366052,0.0,0.15583121499015665,4.949782435866484
0.24678371717896322,2,1.1248587482358419,0.02235562458551221,1778.67992695171,0.08032985634839973,7.670750074563324
0.27198385230700667,1,0.013964523760696235,0.03227847752215997,0.0,0.16395498483357385,4.2238566227921766
0.010292990029049702,1,1.9027937239582122,0.010961672802905654,410.59458006093143,0.08620287943299386,0.13524455626439708
0.18800367023546077,5,1.7518098499997892,0.07242391992084124,693.8041031154286,0.022253340096470366,5.602269449002975
0.15584863600845741,1,0.6292578178703976,0.05392140279071739,1835.8247875338109,0.14386860549708028,1.9682696820602592
0.020171435740742462,2,0.38025753263741136,0.06570001236477635,201.82021323710072,0.19113419009617544,0.43403331231572506
0.09271690283443644,5,0.9657025488202096,0.016982851333487307,0.0,0.16744776367414227,0.5647155619286883
0.4034608376414609,7,0.398439371674153,0.0227347436569383,0.0,0.07603373226933807,2.9504989609460397
0.08834108404955628,3,1.4018707300359985,0.015541885680144115,0.0,0.16613443167873973,2.3504183024533436
0.33504764166719386,7,1.0940906912311554,0.006995720143990836,0.0,0.08328978952770187,0.15877440675088675
0.4782682389605798,4,1.939231877808676,0.05877668562120206,1713.2064485164335,0.024048793365122063,2.766598741977075
0.4162838137392285,7,1.2404827085378243,0.03821937011196288,1547.5414572205716,0.12608471372880936,2.526271177241866
0.2702436532053885,7,1.7749378804257647,0.05003467601332748,184.6220269771811,0.06762301933624515,3.3604039487867596
0.18441930900061385,7,1.6496138959596613,0.05510484028719897,521.5844810599385,0.0857735063742172,11.577653832726
0.2865537363661049,4,1.201890969075438,0.05568638892536314,0.0,0.1649755327241157,0.25044915133353235
0.40245997355530083,2,0.7564490304866895,0.04138347857218025,0.0,0.04066975240476545,0.8252462640792947
0.29213507275946166,3,0.11148170717488348,0.04878502092384936,0.0,0.07797464116832413,0.0991667280146243
0.15600884539296345,1,0.46319804952779786,0.06791390955808582,0.0,0.04986457456295373,8.428389648054507
0.06462896704100314,2,1.9316646394366652,0.016463550159153736,1116.0206665497578,0.17701126679175508,2.905516486203389
0.10577442018051594,4,1.8329783022310284,0.026227055908002728,0.0,0.15220490802724929,4.784281009875512
0.37158460680941213,7,1.761790321089505,0.0039684726679586205,0.0,0.09354223050996109,0.3796354380320114
0.46041193521632534,1,1.382832115026304,0.020940088010758594,1667.3010427776305,0.03887705804391446,10.535585326623579
0.15662368210751967,4,1.6236134367017727,0.027347923353380654,0.0,0.16984588310684667,4.072708100533331
0.4710862380614742,7,0.6784405967835676,0.043567635896859955,0.0,0.1492201900304527,0.5901045337948443
0.040628401340101296,2,1.1668430380368702,0.037136315916170136,986.5738046431438,0.13267906525078801,0.08303629797630205
0.3022526377665734,1,1.4972174171636647,0.03860809885292166,0.0,0.19348696688368924,4.807106746429083
0.21928147222656819,6,0.5993373676829816,0.0769681683332022,1255.6670575718365,0.13645380227192166,2.7993683437027794
0.22009450264619493,2,0.04417169060235948,0.02863689556262117,0.0,0.07815133581296235,0.3769390871523165
0.4299125632403571,6,1.200502820199166,0.05850004714779001,1952.050216985253,0.11513909272531529,3.4180905060510667
0.04353594752888681,4,0.23876202267639357,0.02622742703086546,1214.759137744888,0.07933346853521098,4.345463269409811
0.17660214916934716,3,1.7028114957829479,0.006741149292468087,0.0,0.1363964983387419,4.224538376515723
0.3725352350341977,5,1.0706955361233135,0.050825867736665684,0.0,0.04313742654843149,0.18137174154199295
0.2842748840535007,2,1.3338548949173614,0.03483170587198012,1452.528141122872,0.18610287536964745,1.6650692365691282
0.03588507631871377,2,0.20275968493972707,0.06335130590365834,990.4343001590099,0.012404751692086876,0.36249034932610813
0.35877119304556526,1,1.9396377292675695,0.05821049101597509,1536.3135137126453,0.11875167680958769,0.3433422563894811
0.31545598732035446,7,0.4976380540398637,0.032631168680582405,0.0,0.0281376951660456,4.1591644482559325
0.1361646983104252,4,0.16993257977893284,0.03489968210857259,903.5478086204057,0.05607407225831042,2.0615105093548998
0.4671051681620502,7,1.004743639944191,0.026230719521460683,121.59023979197995,0.09547903220268661,4.642411482961496
0.015881483363614446,1,1.2470383903483089,0.005048509529243699,0.0,0.1348784412631379,1.3081990164804316
0.1478618047083824,7,0.9669961702136076,0.03433195935666575,0.0,0.02212591035594598,7.3981995220659025
0.10552955303432895,6,1.655952927004503,0.03023952309009225,959.1938989792791,0.15859518896978905,2.4122908357809365
0.19761274216924993,7,0.0903027288245839,0.03503199097143298,561.6963341541388,0.08492081088765736,0.24106690164339165
0.2930304095121955,6,1.3075735022489232,0.028015894481857526,1775.3754967097693,0.047040170809622396,4.969693383933859
0.4355929438422358,2,1.7301421987507877,0.04806337194716953,606.1513152268075,0.1265233136143515,2.6690780289961964
0.3813105145838274,6,0.33951840278565304,0.007651255681897276,0.0,0.023546621275255274,0.2872426016395585
0.0906536441127916,6,0.4994883584587104,0.027462039125155862,1140.4753569484933,0.1034336965575992,0.03753323353390787
0.48220574245665404,5,1.7213356435777702,0.055593470382520604,0.0,0.07942394040212612,8.458588579752693
0.02725543502750652,6,1.5326944262093047,0.032513322925921496,1314.9317590468606,0.1799505347395513,1.090795874021709
0.16174893844154267,2,0.9526447044138087,0.05358035609745983,0.0,0.06030336458155733,1.1968590833546957
0.19276991942776286,4,0.45157910430125825,0.04932975825322201,0.0,0.06590788057152246,1.1658125034923263
0.4924806940195114,5,0.2607062600865311,0.016282789910951712,879.7360355800935,0.11351777201075507,0.04618271502945784
0.22845451941523792,5,0.6036187393253873,0.0029917592327037834,835.9110570013364,0.12727673708056342,1.0433598615350606
0.48871311760204506,2,1.5028466350626053,0.07530675142295214,758.6376673988826,0.1876980533324198,1.9947763492777963
0.35339612482085275,5,1.8588069676983077,0.01638419272449676,1490.1648041240787,0.013695116694465975,1.7724445567704437
0.1592003079334749,4,1.8370432055410357,0.003759400080249398,0.0,0.08162456218200292,0.32557026158444247
0.3237865658556781,5,0.36131508262260636,0.07581489416514237,0.0,0.06591788088920537,2.27189813704433
0.30802357461555885,5,0.48508855316594146,0.023335476057726883,499.2539468024844,0.05855953666111397,3.4868423238142414
0.06793681231134885,3,0.1147836873765471,0.04666457985473636,345.8986802584522,0.1199637946669013,2.3870060618867974
0.3535378178084923,1,1.1705936566686226,0.020513042215915347,305.5643300683662,0.15968147722364795,3.876488491189802
0.16225051087260925,3,1.0038908102636834,0.07279441265277749,1185.036755692236,0.15976313158687344,9.568880717372668
0.24280309881659934,4,0.9509272123382408,0.06055421274731532,1734.1000522134545,0.19936502695554068,1.0001789590249033
0.02490378159590431,4,1.7554988097252497,0.01631956828875099,1137.4929478116328,0.011867450339480341,10.126152441032
0.15252965857347542,2,1.6789064684191015,0.052066657724918794,392.5605949140259,0.10312478845025613,4.879673973637213
0.10868909151454259,1,0.3323699992194984,0.026618358120830327,718.9020895505475,0.19763669111497245,1.306237632305679
0.44665864497881963,2,0.5094974146734377,0.028150786747760517,1067.0244186263858,0.025804838369569857,11.359107657097383
0.3852755285746405,1,0.04369342397240361,0.06195884824958327,0.0,0.09407640257825903,2.427583102559808
0.023282259644754222,4,1.1238705070393267,0.00895476625078314,1158.4423109444815,0.15860661364773623,7.508734717161105
0.2597316608938427,1,1.787867021339981,0.026865309171322762,1857.469746184435,0.19244964128932895,2.5377116237794706
0.14656021480497763,4,0.5254418871226056,0.037779879915612685,0.0,0.19047663949819393,12.090015113263796
0.2979372234414033,2,1.157083636407063,0.006605772642822174,0.0,0.08847302541280684,1.664565837640358
0.16506399412846393,5,1.7393626466873255,0.037778114060496346,816.1732044295419,0.05248347853571127,4.073820553927327
0.3163559012654047,3,1.896739105577838,0.0073060587466845656,0.0,0.19218851425149974,0.5638848551227567
0.1362396793941293,7,1.3766768230931297,0.0598958782751324,0.0,0.1735682935358191,7.3671530584486975
0.44248157418345047,5,0.11141367223049037,0.01033790400821995,0.0,0.16915743519399942,0.15768216994091808
0.06084060833256963,5,1.0303340567731776,0.0792228136467953,773.3987395547297,0.1546582534955518,0.21072243244194525
0.18000988568501708,4,0.47929156991511324,0.0025911310220796046,0.0,0.10325943861694106,2.0209169771142625
0.3556901120898272,5,0.448765959599591,0.04036023392438686,0.0,0.0028083199552920482,2.7999221966257912
0.22830372910164898,6,0.15921015398501126,0.056556505479473815,1751.4139060672567,0.04958536454087454,4.666223184995828
0.33339679056630545,4,0.18489903407413322,0.036632023610165716,0.0,0.17354497629341054,0.4843650869415007
0.4794876787042031,5,1.027910893381416,0.05520984941456064,679.8298821948933,0.17791342583208095,0.11132121878304724
0.14071831117572273,4,0.46063844936575515,0.008512941032227567,320.98953417891795,0.1497122139544115,0.4758045539315401
0.3584684428886054,2,0.6189390981772018,0.0779923418248188,0.0,0.08949784259480882,4.92503345786402
0.1283846254535239,6,0.005416299640904176,0.06799571967561507,0.0,0.09971250247730004,0.261283244864546
0.4933788267701475,3,0.42193978123990084,0.06732976060342193,0.0,0.16891875986800292,1.4791457296924002
0.07555129104704432,2,0.23804260898628216,0.00551423025077189,479.17562879218127,0.05154296592187445,5.895660243163107
0.36052841646215594,4,0.42708570898068277,0.03289154691839896,474.0332178236101,0.0739690970608933,4.894054382459346
0.47778651487074375,3,0.8887912369021611,0.02426263515236217,749.3896579015953,0.054290702430004126,0.9116938327435642
0.3758355702756599,5,0.7193511224461355,0.054978747476854634,0.0,0.01312020310380136,0.5442239865640452
0.2104994678546594,4,0.3520495100822676,0.06929862962141363,0.0,0.02827350776280294,13.160923529142615
0.49211411830961016,5,1.3858404584495772,0.078989477784976,0.0,0.1328012647943769,4.617943045205134
0.08661744940598877,6,1.1365372325375367,0.021973269583032435,700.8643642861057,0.11628336715490373,10.69304984412202
0.3195439849800262,2,0.8892553158278094,0.002166490693604084,0.0,0.05999253266108647,6.246133856783274
0.32971321819854377,2,0.5162152863468294,0.03711883339523046,0.0,0.18562140088200607,12.076205857405354
0.062044775518343545,6,0.6036001117223102,0.07197944627270973,905.3655859501697,0.008712630175282312,3.9414930895629015
0.14012322302608268,2,1.0574146397681052,0.002750148668138017,208.82206513776043,0.08756790427370446,2.954425775952709
0.07537400440637147,4,1.5900230738569407,0.01306835597945252,0.0,0.029957581074684474,10.281892617563562
0.23895788804367626,3,1.821329990767777,0.03485376528978323,0.0,0.14871745259005492,1.920845311178167
0.3145441747766838,2,0.5149584329849386,0.01085291737283022,0.0,0.07762655308807338,11.10376059781692
0.41913715498465154,2,1.0139992402866949,0.045773756942701575,1723.503242405208,0.03494962379970722,2.5880019268839183
0.3966570947078908,5,1.8613445111247966,0.0019715523709058136,1464.3864619349624,0.16743933690466947,14.756019191566525
0.04198561120756731,3,1.3619065828071524,0.07034595706900486,1101.4226050515842,0.0517635931336435,3.8830756431526536
0.29829918771665176,7,0.7245869800004097,0.06611122492804442,945.720128408215,0.011965205496607387,2.6106122287304756
0.4649922111181266,2,0.550340224976136,0.03183682771046058,709.5503862687054,0.18286138177403746,11.618107285744248
0.4102762418570425,5,1.324464316659186,0.05722578484233085,0.0,0.06381802775164913,0.3380896867676729
0.029500592394469748,5,0.2793847452058773,0.05725887411286362,1966.9761642489,0.09930185067889741,12.36826455751504
0.25550971612245565,6,0.8426017632667293,0.06710714694122163,524.2009615152406,0.11056355627373149,0.07788301914559156
0.4564490456820592,7,0.0499681645636989,0.05765800896213431,1231.219774515822,0.12674415169013015,3.1214019984833117
0.34505621843603856,2,1.1648701537765918,0.014927207749853401,0.0,0.03766548166296217,0.3062652712046918
0.421770607018369,6,0.0980092899425471,0.045821622134955664,687.1408366088355,0.07057326536273671,1.7339580010586615
0.023038099378065224,3,0.5208062175758168,0.0670719710473752,1389.5357982568453,0.17872963452317206,1.7770907436869712
0.3499929493191088,2,1.3523914927130785,0.06868800855859986,1275.2768792214165,0.03763616334883044,0.4120399566222761
0.29359067341639966,6,1.5537874964097453,0.005663314880893955,1627.9298671306453,0.1348935062941656,4.776381561812816
0.15696986000105118,1,0.6283241276739442,0.07663768531859633,0.0,0.11637877592275805,0.36474349643326454
0.09618623887514441,6,1.2424530609603346,0.0038463174789160172,78.56189818134914,0.18430763215598753,7.222827666385853
0.11197195695222266,3,1.2918557860460786,0.018630331692145202,0.0,0.13700245361629684,3.8967235626304904
0.16163666245862937,3,1.856028473458762,0.013233612170272746,0.0,0.19680225708833807,5.554452357038414
0.4181867893311243,7,1.8305798807585478,0.02125484518930108,251.77637411084007,0.13165597777753082,6.687494383982296
0.48448021044863493,2,1.3679502598302826,0.015218234465611005,964.6665015607321,0.015136446859264907,8.356824006428418
0.29154527680042097,2,1.0265210091408845,0.008577791536678996,0.0,0.09102098508210747,4.280084743643143
0.2770413162690088,4,1.8474627917535522,0.06571770022209526,0.0,0.13150833269815118,3.5470591856715377
0.34450886470675207,7,0.03534008959086776,0.008221459411982544,0.0,0.08676576204079242,1.132663631780145
0.21814383734685128,1,0.32723240827655253,0.055342211131358586,1960.913122348643,0.19713454605660727,1.5962665639198743
0.40129236068399354,3,0.44722523958532956,0.06856775516879327,924.2756175230355,0.09835853342412713,0.06680178512539202
0.2909815944242739,2,1.8723531283330104,0.07526006873875689,0.0,0.17507398628165666,1.6377683031063017
0.042969460331542135,1,0.5428617285521065,0.0002961925465933479,0.0,0.07055503743271022,4.0611331360529865
0.3434747264080305,4,1.2535066970846624,0.011687725243305618,508.31103268324136,0.13080394145087082,3.1821961796494125
0.06265077078816497,5,1.159193454825348,0.07300840215064884,0.0,0.0024015400102042304,5.76795684286734
0.21271595563591492,1,1.9308972692012425,0.07326514785525952,1600.465050927113,0.028013424766880315,14.643532340359865
0.09022718936079377,6,1.0434668377064913,0.017056314511130807,447.3231974073903,0.05287166931175438,0.21773317114450158
0.21527531972933528,4,0.8323218928123155,0.0133230810797816,1650.655568063101,0.057013983187732965,0.05661401196745228
0.06898529325771158,4,1.5730114270562443,0.019496656952347414,0.0,0.09714379446753439,0.3172365159092857
0.4920301665011213,7,0.7224321179516235,0.05098417252304192,0.0,0.07294649736482836,4.9830102187008745
0.24252144568499595,6,1.7178646986494552,0.02758158135198993,0.0,0.1783133149104751,12.14952823551777
0.1319105612390425,2,0.8347658836009466,0.011544963494998521,0.0,0.004317638569326987,7.364749122386946
0.11363830714806633,7,0.3455135124924198,0.04975846320750993,1920.2142724506866,0.0392769262676291,3.4895271497255704
0.17825511689154055,3,0.017238005183560556,0.00159783460624225,938.0200652334845,0.10408505443279543,0.22866271123899007
0.3618533989884218,3,1.7559567649993182,0.02153517915786442,796.6608773726293,0.03639892768816543,2.480811479137369
0.04396080878876447,1,0.8312555640583104,0.020664034330207377,1355.073168914128,0.09016901196933223,1.4191541057137838
0.31713328873177354,5,1.9912903533486985,0.03841468122095103,1153.4109854508101,0.1834344446206306,9.511300697978413
0.36216264032667006,3,1.4386012180502272,0.049499758596608504,0.0,0.044327254860981546,4.242760840872903
0.23696772379137104,2,1.0661105801894224,0.05052355029409283,302.2922030850667,0.07578842258258026,0.3227884007661894
0.22896835564821508,5,0.6047914806078445,0.00406420717511538,1713.5999352249614,0.1867825107453312,6.252300256287468
0.19720640243041793,2,1.9691517927522262,0.05331258437559352,0.0,0.11757587044883364,0.4839432343395642
0.09564464406284931,5,1.9289764500477085,0.023154909442401755,1947.0461093870435,0.001968813123445142,0.9520589735643579
0.25948740312567525,5,0.49657495926169193,0.07904111696523373,0.0,0.14678992714883934,1.4543655686481998
0.12710886330366014,6,0.08311969654451712,0.01654381408353153,763.9205799610648,0.021623708569678324,1.8475597577041458
0.14173988732304413,2,1.360501376660748,0.0660351916598903,0.0,0.032773603524063,3.2733083675936507
0.03198167323758134,3,1.2661702529924768,0.07192191861195872,311.34854392203397,0.024036249203018605,6.393023387079143
0.26491366064697247,4,0.9677545291285181,0.07180258612176672,220.46277534861352,0.18736217293073493,12.91310714312667
0.10844655644590599,6,1.936417681725811,0.011828195028990702,406.6414534839039,0.1139211983966227,4.842178706758217
0.1440355942109491,6,0.033938258630932916,0.07682934196977043,0.0,0.029469328591957077,0.29642346364822447
0.4668107731212764,7,1.1987171742716054,0.02733396590547633,1811.221846909432,0.14302754547666474,11.673318496676934
0.07153523032797873,1,1.530297699722528,0.03882325072493723,0.0,0.1300031338614866,0.440025444776763
0.3104269571439283,1,0.16758194509652324,0.05144487948320237,1190.6152432585072,0.053980068798263246,0.08614097546321431
0.31492845974627287,4,1.0037390620490074,0.03639655037821897,308.3177798667568,0.10983618724483173,0.9026290526467424
0.21481220189838765,5,0.0012550332569123412,0.07704753047182421,1540.908114330889,0.016736128174352976,0.9585128928719877
0.017800930958771315,2,1.2462757074956508,0.028485383929531587,505.696375209459,0.12820116404860202,0.36542033306271227
0.4381022369347669,1,0.7702122459798408,0.033430719729408774,0.0,0.05853820696533344,1.0264237087336592
0.23210105576996046,5,0.2115930405455979,0.04049118821557155,1875.5179310244432,0.10319005548161224,10.356889704560299
0.2031533423539549,3,1.5937231405523822,0.027277325076998774,710.2918967696335,0.012031164799305532,3.1455604620266655
0.46792472035471144,6,1.145545019474218,0.019066976850239756,998.6413931782246,0.06747506413557196,0.14225722538969526
0.475147774160432,3,1.5568568135627998,0.01364304391185807,0.0,0.042881474763130326,4.44789381286866
0.15227732382967368,6,0.7131178423537774,0.035784220500208054,785.8295305991077,0.052387135838736616,0.24514936797094303
0.3821648728713026,2,0.15324480398440543,0.053122642648905406,0.0,0.09836657294926902,3.7524590420485806
0.473200449723302,5,1.4839907822523446,0.00418232826150077,436.4829535222529,0.17500520830995783,3.7520760851351898
0.16642039591523236,7,0.5635947007929849,0.02140216241986739,507.0216768218572,0.02558973099291366,0.3041398126553754
0.3700320515361955,3,1.8465720420278713,0.043585974053874536,0.0,0.14077734549503915,4.9510639359893
0.13987317083054882,2,1.0561361618641578,0.01616647488692166,0.0,0.0772941848627677,13.652945592010244
0.30539472639386184,6,0.6001341658108799,0.012101142757014073,0.0,0.07581827316389869,2.928478050064186
0.04796697701218652,2,1.2411136940469172,0.05106800521045846,268.4228404830011,0.1700434215557825,2.6209480734728077
0.4907378360116197,5,0.23601205323874974,0.06052313337809926,0.0,0.006466641940083986,4.971101777686484
0.09569312873548269,4,1.0804345335572372,0.004025834634773116,0.0,0.03828201147403099,0.37937586091790576
0.36443184895704195,3,1.3313010012519195,0.039478399845830216,80.91109235215879,0.14625478033787842,5.616745836209574
0.2305314435037215,1,1.973138981558653,0.004474108010258053,0.0,0.011512352887811893,0.7452917483617381
0.4198554713143004,2,1.7711188871712629,0.0008008328447309144,1164.77381278199,0.06699991099122649,2.7848846833819896
0.25456324247272716,6,1.9402337728368644,0.0017585451847698331,1586.668541671293,0.060145608655174106,0.098445463951549
0.3517414924462243,6,1.5654913485027735,0.07499849379192837,353.91049627531476,0.049445080736316725,7.0930607583420855
0.045535935307695896,4,0.002536153830980492,0.07152057583334448,562.2059838944449,0.1536885563256104,9.83690823146794
0.16462120247712433,4,0.1024485928086265,0.03972123377844839,0.0,0.080793095010982,3.977780375419265
0.40355355070003823,6,1.0403892154477712,0.04525936208567211,0.0,0.15633397243836705,2.32888343450962
0.40659107677410344,7,0.21161004971302844,0.050256527767443514,0.0,0.19720089955635864,2.256073473127978
0.2934963268168837,4,0.007919886024285505,0.04009301851659923,0.0,0.19444378775943688,0.19645247247696265
0.21554592769401168,7,1.7879461149250093,0.0735834057423549,0.0,0.10928107439065708,3.906170803071562
0.3072909389653019,5,1.5948411078833287,0.05760890668119566,0.0,0.09329815511020088,0.18861421148509677
0.01885973518078586,7,0.7772618912142055,0.002977736365546333,1362.567128842831,0.19815901306925057,9.729905936981528
0.26464566526368466,5,1.9495201626723906,0.06740305835189096,1963.7717785979492,0.02037796909249284,3.3720098676827517
0.1815033655518576,1,1.3288475731853557,0.036220347016699204,1925.1448789449023,0.15524127826748474,3.2305680311960154
0.42624025177599456,7,1.653735694346724,0.045012433832219395,1441.5343642137695,0.04229478758159093,4.404754187622916
0.22173695603294538,1,0.1702872731121643,0.02423561343120672,1930.6427501575624,0.14385624552983378,11.983379712794026
0.1539592906206205,6,0.16651531610126424,0.05796463273270546,0.0,0.15680179923725693,2.683700340541797
0.391175609306783,6,1.1312070554960867,0.040313042030448,0.0,0.07321029758202559,4.318729483544509
0.44543463577989345,6,1.3414546508852017,0.0215551557042924,0.0,0.18674921227766753,3.09734004300489
0.32738282666609986,2,1.3700121733263575,0.056620256608431854,0.0,0.016267956491748538,2.4905095612259696
0.33764873359996755,1,0.8173991245418679,0.03733465246646914,0.0,0.008475679679252137,2.9214259885450007
0.25926593226597067,2,0.18879495180771833,0.010056472520969252,0.0,0.15272645986588093,11.64817990716271
0.06155758206670317,4,1.301943490437089,0.06596136558399433,0.0,0.0155439331142039,4.910024584385676
0.30216670186402406,5,1.9986725599670085,0.014026739310148795,0.0,0.03061293418911703,2.5105265442869515
0.22927512142710987,1,0.9164096105044319,0.07560136753987952,176.55359509989844,0.09367938995583203,0.25080803108088034
0.23317813028311726,4,1.6016053759570492,0.05056979427592185,167.21168435287186,0.1832710575397196,1.367109926118356
0.30712919732169586,6,0.41869679876819754,0.003153406809629038,1663.840009630849,0.1936050486243197,11.005347682064148
0.2697256462140666,1,1.2911917454996173,0.07136470881677552,1041.2932007509548,0.19837452670026243,4.249362469034542
0.2191272823750205,1,1.454536940904868,0.05070032697522691,0.0,0.08914725113883862,4.320696916303685
0.22738641691130043,4,1.7139002597387762,0.05473672601507893,446.8466612471786,0.17479886245044618,0.4476416618054616
0.17124615193575668,6,0.8274657951606597,0.023939873540812836,456.1414665494143,0.0418387973715203,0.08903933818343088
0.16239343179873483,4,1.54985694461191,0.058820097304543476,575.3648841926647,0.17760089645974508,0.1880824915563235
0.297506578293998,1,0.3138052482922402,0.07580521010592343,573.1600408341567,0.11857010217006526,4.735755180080591
0.4420013210959512,4,0.15106653831381522,0.049429332352962936,788.414709446928,0.19093013328389372,12.079409157399947
0.3596895165019339,3,1.313630462176898,0.015856501218841572,0.0,0.19989411094631346,2.4394454269573576
0.15120061621313616,4,1.6821923412322028,0.07974794274251519,0.0,0.06473944975685177,6.9124212907612135
0.31156016836613404,3,0.4607901430291288,0.054816116301589286,1397.6564466050097,0.1767554175317981,9.867510483523155
0.3541392399156564,5,1.0762420200796263,0.005644005096791567,1544.384997086911,0.13193203232971387,11.475197955701631
0.48478275461540266,6,1.2999041963317781,0.06030145616360419,1103.1546777482818,0.15017324259316692,3.334425800824305
0.1862968125571455,3,1.9408770977681948,0.008990874583322065,0.0,0.0989879500816628,6.636756637297278
0.14570776288105883,5,0.5978523001966665,0.032865311645394225,0.0,0.19323827036691152,0.20476328874621713
0.022661096387805484,7,1.048629876680242,0.07703663957189037,1967.6050798981166,0.16838035447883515,0.3394478098272097
0.150515770003363,4,1.830277640809792,0.06836123487285996,152.04907173629255,0.15678687497934485,12.990821457719544
0.25915472730093275,6,1.6906599513774534,0.05817302477921108,353.6005656240692,0.04590725202735896,0.40249369078202824
0.10158457526055789,5,1.8155016004824758,0.0583816409258945,206.0356260274747,0.07253345974893477,7.32603862148756
0.06659787441666842,6,0.018196362561551993,0.006032974079423062,0.0,0.13419376785633683,9.599419512939628
0.30741682697439005,2,1.9411093414569918,0.04471625922163016,0.0,0.1042853170221326,11.963624325330304
0.3392683075842551,6,0.2888729683101552,0.03536529704944601,0.0,0.10484434418573269,0.5382301037324428
0.3828929316452821,6,0.5704234893066642,0.04431759599026199,0.0,0.05736059767812382,10.93648585107361
0.30785278379968045,2,1.1538722466896794,0.012387311571796396,0.0,0.13970558977291833,2.2390815394757086
0.21592230488569553,7,1.09952910253204,0.0361882430782973,0.0,0.12772747139258622,13.25603424907015
0.039404014368615785,5,0.7409828741190285,0.0455137124675773,1886.7158951578194,0.14817308637414237,0.34450245310137984
0.21104882371760442,3,1.4380388863257823,0.022958943957723462,0.0,0.07189372902615224,0.35670631349451065
0.311957918172,1,1.4979980348099138,0.021785231774486623,0.0,0.05114764610717027,10.815888378497554
0.2714053022849436,1,1.8889273757640759,0.016982201222841154,975.7061979000151,0.05242013692620365,13.996005947632359
0.39314696409622235,7,1.7390823377184366,0.06112764692631035,0.0,0.008231808914932248,0.37239214890829686
0.10783817163991688,5,0.8454051390543456,0.01607017441121826,0.0,0.10537561426957631,4.0076735759803785
0.3859136520400398,6,0.3433563900864338,0.06462651614612978,1133.9480876879707,0.14020604621011182,1.1227891368565606
0.33622496773002997,2,1.8957268839981376,0.005544360481499897,1238.8936694366575,0.05191863562163035,3.549566935029642
0.12109977118019709,3,0.9891941055275175,0.07157980566650408,0.0,0.08270914075041505,13.96256716471579
0.34599925672409365,2,0.8618826730366538,0.01584024242460428,0.0,0.08234000879889705,3.135025820738511
0.2653751252076334,7,0.6411351720329981,0.010798278885731368,0.0,0.11488447909385824,2.0602344255616005
0.37576154313998583,7,0.6115122550247494,0.00582762380361598,819.3747020986776,0.15874582199702622,3.4086430045564517
0.4379223278962869,3,0.12650681779735917,0.010536762816508408,1285.877405257211,0.05138703151062536,2.874108300914077
0.33116362943592403,1,1.504691405063912,0.0014116128142884676,1082.666727389716,0.08077554489045417,3.5677618268555396
0.11181732770532936,2,1.5802627474522166,0.017422464141405483,1616.2636403259817,0.11281351429206112,3.478371404967525
0.18420960060448374,2,0.7649689211651887,0.024361855132110668,0.0,0.001778907041342737,0.22101095479646785
0.42711797200740953,1,1.8598435262913295,0.04360667302879121,1811.3835633658825,0.020610823431175537,0.3631830029382437
0.4136347863370268,3,0.025155624972390767,0.012317059093320308,525.0952102238866,0.09425176021418046,4.490784062742232
0.44553899821277554,6,0.8553381716483381,0.04768511448804761,0.0,0.06813445659309865,0.4819255497541215
0.4055582081698627,4,0.008212405794896904,0.0008810686668485968,0.0,0.03184672481593416,3.689596692077693
0.09716109977570801,5,0.4762496865079975,0.0750758112328326,0.0,0.023535446876324154,4.378297204826735
0.2437838106700238,1,1.7644114744539812,0.03471104387883836,1999.5155486866365,0.14526130830640424,0.273609799541716
0.2978004177090837,7,1.9257832683560752,0.014046382210769304,0.0,0.18311826045693644,0.7843472567353229
0.303111874969879,4,0.32812717653067036,0.022814927680803825,1816.2257417410733,0.19504234677182858,0.44420984643862305
0.17084499374589515,5,1.7400498510403313,0.050888450771489485,0.0,0.08653642024508751,3.8155755591958864
0.23217395300589136,2,1.1762874134591963,0.011062653872379818,0.0,0.11091197797748131,1.7348527445016881
0.2060145216332828,7,1.877438603955726,0.0644074701439621,1123.5633362089914,0.16535175705893612,2.293154429491465
0.1652873767710867,7,0.5711592324772727,0.07692891538035575,0.0,0.020510863084077027,0.7569458530032936
0.06416615149120446,2,0.7304558525137639,0.04283306684091742,1645.3031282274094,0.19162450306741402,10.648414367174265
0.09803191326005453,6,0.10414481244253948,0.001025731960848466,980.4354331786461,0.02704534657216162,0.4682768579557698
0.4311564580562,1,1.6188549769256297,0.06401221187134006,1551.946093017253,0.14979240228860483,0.05816482300090828
0.2636237378763658,4,1.9243917525559826,0.023193981010642288,805.8680191447957,0.06531565572161811,8.633225720862239
0.20124107524493687,6,1.2382428000933925,0.012751590781712174,1833.7611910189378,0.03422308562785937,0.07014198691988469
0.4556273953779493,3,1.6749017896694678,0.024789251952678778,832.4425372472697,0.17116059880796794,2.237446349768679
0.34801360951984234,3,0.03880249123643087,0.02616054147968817,586.6209129582776,0.1820077523157017,0.8235802279240052
0.4554127385294945,3,1.6291304242270055,0.01871382566235079,0.0,0.14331221858542395,1.87879459262881
0.08462222106315107,5,1.006145200543218,0.006633166511558493,713.4348391799513,0.17132911272866827,1.3677782402401053
0.10364175511866101,2,0.5311751966147198,0.06137867153273784,0.0,0.06501558737156057,4.744381323620528
0.4665483981293741,6,0.2125570231410716,0.0673586822446581,1335.7469051937458,0.1026259139049893,4.257047427639762
0.38038432598823,1,1.7924724982922662,0.06453662461960492,0.0,0.06469185327253292,1.5337232765745428
0.10779009178900997,4,1.2577462888266104,0.061027832187718324,744.7098251462702,0.05554255593255815,8.771787917842435
0.45263464319612556,4,1.9557073870035635,0.016045172767045594,0.0,0.059081568230243554,0.20830183115596768
0.45630877122497937,6,0.8238930972245273,0.07475286356569719,0.0,0.04284495940247041,3.269986804369306
0.02938317821568044,1,0.7644746400289828,0.02254333180074128,1730.656540580826,0.13116143303819378,1.215161450798772
0.0361947691763609,1,0.9503417320452565,0.025380733948549405,1020.9997555354146,0.06269677077847756,13.67152151001122
0.3397740014814517,4,0.1447787965286207,0.023229456998881643,336.67916205456817,0.1424679717616478,12.905675526911551
0.12904322722665154,3,0.8935443176792137,0.0005677225995909741,751.6585562413046,0.10861236062880804,3.661833093970621
0.4784302288247754,3,0.6380878597456148,0.07751742896658398,1747.8093630179255,0.08494413726900803,4.562731881661841
0.42671044896267474,7,0.9416328387317963,0.015914382383603067,168.3319844538305,0.08325514951436726,2.4622113835336057
0.3768493658729855,1,0.7071502472645501,0.01059751632142838,1041.9492844222832,0.1445034284668385,1.9656599520996603
0.24156216799148927,5,0.8588957941574051,0.03765647578527499,0.0,0.007182557918646807,7.4071258566350675
0.12757496282457934,6,0.31926551354688026,0.07170252417310305,0.0,0.09166949745568484,4.193781065171829
0.1258079442308227,1,0.37354505646225866,0.0664996644071954,733.7532483414365,0.0759853149270683,0.5010845210831054
0.12820972465863364,4,0.4974507875812493,0.0012398593460952246,0.0,0.12172564442539768,0.5947600260034402
0.02784846721784287,5,0.1570724855855974,0.028512378867973177,1123.8465621548496,0.16354188054529514,12.92662476751617
0.30586350863343914,5,0.1526049083481591,0.058616014709664564,55.67784977588804,0.0028745513385166196,7.593997388018538
0.3217054971867522,5,0.8914596418057383,0.06688948924360341,0.0,0.0902778857319291,3.4863112434528483
0.39414620674773887,1,1.0115456677384218,0.0014390505257910124,202.73775754097596,0.13795556496213943,4.078795320714579
0.07639231427513395,3,1.756504935464693,0.04218041199605417,993.4039483364529,0.09859937025045404,0.40724843475154326
0.13101305210886063,1,0.8079525666061671,0.03680937465626604,0.0,0.05746535648213075,3.35208639196728
0.23052544597140714,7,0.06859580260662335,0.03980528667109807,0.0,0.03740166226645486,2.4459672502242635
0.31535448802077176,7,0.44290178274649006,0.06444866310514517,0.0,0.18431138460221527,10.710931624345147
0.01440934206879533,4,0.8655341634163873,0.038734759865807745,85.79884879848672,0.13114485006262944,1.8943120253897596
0.05203919960074985,4,0.9639723736528119,0.06048033934192617,134.1820671827358,0.06261054827201451,4.272588068220571
0.33057268921993843,7,1.77949798059076,0.0007332440147053188,0.0,0.19184581101862025,1.677521149868779
0.04282563625396533,2,1.328201342295782,0.042243795920303945,1461.7788702595983,0.04319692502721191,0.3535486066333976
0.08764169568857386,5,1.8161673741197089,0.06434995313101605,0.0,0.13882198721543879,4.583584293558915
0.07001589425664564,4,1.5685596299091382,0.046714123135819303,0.0,0.15336481500433144,0.25498980866758614
0.094451114931032,2,0.5653347210823181,0.03686949882157216,366.2575761953609,0.09780203504123303,4.400848458621797
0.3168670445845891,7,1.4725078959209243,0.061940091816053686,969.7432064310625,0.11475391097887194,0.3232609694330467
0.3167880699736529,6,1.0113127148604388,0.006171549926884881,0.0,0.1314702530107492,0.16184807627203843
0.4120298180168182,7,1.645520486064664,0.041465913843185875,663.1465063322405,0.11661274873968691,2.3491980723324124
0.31831740457406316,7,0.87701603339794,0.04888187292335396,307.46859493549135,0.15149048437342644,4.572328460764613
0.41074682507326793,3,0.7566951633652939,0.059978059742683464,0.0,0.0957352837280613,12.704378027923369
0.11315895933590037,2,0.649410668516528,0.07851580763433035,0.0,0.0636462067251931,2.6509979527444014
0.24096957735984328,2,0.759848581924029,0.040154846462468856,1141.7865370992815,0.09779460207169947,1.2938535969254878
0.4082391231092929,7,0.5260723550778605,0.01796475754151171,566.9238790664705,0.1471276878076384,4.437444596236931
0.050541768708665065,1,1.8679748370252345,0.01468637018841168,0.0,0.08192066885010912,4.0759830157905
0.23359524206997156,1,1.744322303939013,0.005700666611858232,1574.1891186142605,0.021599076454220073,0.07754699141324434
0.015552970670198896,7,1.8921512361376627,0.019577247761896076,0.0,0.061153063398793256,14.720534746234883
0.43106922602453324,4,1.1389530293260215,0.027453908576582683,192.62789348265366,0.15316407095020834,4.494237482722797
0.19024684035765466,1,1.226340721486234,0.06950408766542562,896.3952935324523,0.16406614288040267,6.197599664321972
0.27064715900086783,3,1.6509166515925704,0.004480184715120013,1093.973201644869,0.03465584766619143,2.4809977681527435
0.4182727470993227,6,1.8079061303797785,0.02565302037891458,148.48956812295017,0.009732336585379978,2.5001599009000595
0.1355832639309166,6,1.6340009669952613,0.03270344138169381,0.0,0.14922820633478964,0.052824479948960994
0.22949731161878095,7,1.7912883061276699,0.010092247703025343,0.0,0.030343067494505334,0.06371391677300695
0.33333623474622914,5,0.18911268954877647,0.060670781727193424,1162.1093902616826,0.01166173536187418,0.3225982162201635
0.11183368231482954,6,1.713224672449852,0.07421396331996154,1131.910303181447,0.06886301427895075,10.474064060012253
0.041483834247759414,1,0.32142669838197135,0.07826123708235792,0.0,0.09800609925733082,3.377238896543441
0.0732278403558182,4,0.5858504068062458,0.029883223705143642,190.36259600347734,0.052079437738402436,2.660083294300794
0.20717284675907077,5,1.9337311005867872,0.042127595407183145,0.0,0.07315405930634074,0.4949942715997584
0.0292530531238393,6,0.23984371785426029,0.025658647387573844,503.5077448008157,0.121931484796024,1.4352967463884205
0.40856937784669306,6,0.42912964018569966,0.059052060387335174,0.0,0.11512486101430436,0.4349637265394698
0.47167087269992286,5,0.16141690838797196,0.0794216789210187,1847.8755781320865,0.03981588972503631,6.4265435147316206
0.25945009599757085,6,1.387726684656789,0.03914581979800971,572.1599134780291,0.09153520459155795,3.679891347870203
0.4709135996011958,5,1.2915185845226118,0.0010813817359776046,0.0,0.19699803843736405,0.3490304644623151
0.09628049018554094,2,0.39421207764730437,0.07002905919206086,935.0007994234776,0.10858158787062108,9.801349396383731
0.19287161086151217,5,1.7112873282898933,0.0411735619241462,0.0,0.1391203943726659,1.841259073076643
0.21704429630968888,5,0.24192132447698467,0.006295814015631924,835.4317913906652,0.11817324376108843,0.23256203953821145
0.0956454903721274,2,1.6826794380120964,0.04638131659474185,601.6275240834121,0.17907897094039846,0.19384316063813745
0.36368220655942946,7,0.04939459537222257,0.06482073044138295,592.5235147842031,0.013259989073201382,0.4506659136611153
0.3461518697285866,1,0.6027835915327184,0.05007871311343629,0.0,0.09433896928652662,3.1328501736794725
0.2614533080019765,3,1.941336055587741,0.014057219666946069,877.1608587046536,0.08989105562718833,4.213106940476386
0.24777524603214815,2,1.7279096440190211,0.023909055102949415,0.0,0.024119934276563736,2.497351960132562
0.10212770142618158,4,0.8315496019793029,0.037534199687421735,0.0,0.02102337546729543,3.486804623122723
0.3362343567197468,2,0.43225199669752445,0.014672427888779174,0.0,0.1636955005793748,10.204560921393831
0.43179732271650134,1,0.5592028652902636,0.010192645735634321,196.5287586962938,0.027706282838943705,2.0284727921664922
0.35689443508358265,5,1.5212131627801235,0.013456887394683328,430.4621990472096,0.17862965428078525,3.546395385399628
0.2536480154615153,5,1.9978093995261534,0.04862102149947396,0.0,0.045816212943024126,2.6575474016739458
0.18996607362754753,1,0.08024924052201898,0.07211574636307036,1743.5284948454007,0.16705139486124274,11.981738607149051
0.15279341795126383,5,0.07672772271140227,0.06966377378704905,826.587957983655,0.09993628886281945,0.5574444193305381
0.4370604096645414,3,0.19018729542145896,0.004336939536479445,208.06614956132617,0.14357414333019922,0.4425250915275616
0.4084434942982689,3,1.7675240309160638,0.07466635352930778,1402.094706198968,0.03488157127296176,1.457271347586229
0.30575703595252074,1,1.7006354163151978,0.017028006883068596,1108.6123581035702,0.16674582538255867,0.09099799388962729
0.2828409965363707,2,1.362920230850544,0.020289250211085134,1144.8819902865198,0.038000794534002534,0.2621091219828071
0.4811849925316906,2,1.218935526733244,0.06564611514670798,0.0,0.048603006518809534,0.7537183423395422
0.1909974973154667,1,1.3155775600723723,0.07672898335970352,1589.2896849269753,0.14495554308213077,4.3068436524433995
0.21947779481954943,7,0.768321515906925,0.06687483920132063,0.0,0.09177558948284467,0.6648336391946873
0.105915554478601,2,1.6615347771895213,0.023393206710739838,1554.9767311832782,0.08416358927528649,4.826005840376628
0.23489516185202092,1,0.5051720133694484,0.06637150442823427,1894.0633972490689,0.08237651991557773,2.591846513659718
0.31898846168118633,5,1.351288127729777,0.043406036202846415,0.0,0.11515194373063867,5.285709177240104
0.31911700893610473,7,1.44123258132743,0.04002441250836118,1843.7483215545585,0.011976161529755308,5.376973904226706
0.1899131165905611,4,1.2446332744971036,0.056537486163564805,0.0,0.08300721717291482,0.46829196032704523
0.24917117907967506,3,1.4109933038692477,0.053742341620389274,0.0,0.0012556006798334813,0.28124063603533833
0.34081364406376563,2,1.6492527056017858,0.0486680037225343,0.0,0.1888551854354117,0.4295808142463723
0.4988154705435265,1,1.9804450692301478,0.016752537115994687,0.0,0.1994871648716573,3.5060875363065196
0.09657433394638953,5,0.6250873044734444,0.07315533835898708,1702.8986425430476,0.1545423754851094,13.0574689217812
0.30523056815161703,5,0.3576821370155987,0.07215328862703062,0.0,0.0498105816898991,1.94241275062923
0.3747654343685297,3,0.8760673133952936,0.06888267199777923,356.60954693375527,0.13843392567418697,3.4277293546344656
0.4459468321601158,1,0.8122199610051157,0.009013882130783203,129.85548769148556,0.10593661624037208,13.378732701193627
0.4425630328169834,7,0.6532438114960175,0.0498651547007246,0.0,0.005752954072509411,1.997105808617015
0.2247663179362513,5,0.3294354938859618,0.055131468558427016,440.3007119362653,0.06459829582573967,0.8250320672261503
0.08225197454042797,6,1.1385627659010489,0.06495272919679237,420.21268752838984,0.02292425193047299,1.2039211346972858
0.42646937078831465,7,1.2429288453135692,0.062230216442950174,747.150990433112,0.05620792022539485,3.617605393834589
0.43677412393264586,7,1.5297576601769374,0.013968873358580956,0.0,0.194886687658985,10.12605053021588
0.4677921978172997,1,1.9293809576569219,0.005885068337261252,0.0,0.18757251714406037,3.2670635655512124
0.24638756478141716,5,0.9984858150495495,0.02178285285665074,0.0,0.12454294189767248,3.062845754069147
0.3717921257893854,7,0.5133233797918288,0.047438779820439515,1372.3388779964605,0.08347153268094029,2.047908363423666
0.14585662401110122,1,0.19997049496755337,0.002683669712972625,1404.9137796898456,0.1593615595041239,0.5293643469299915
0.24496442618456338,7,1.6815701438782291,0.002674122647457731,0.0,0.04817700784366143,0.8256937693735511
0.4775245043698256,3,1.390516801510867,0.011371268287833419,156.63501046906282,0.08206907354470894,0.08152905279153762
0.2878460639156015,2,0.27944113395790815,0.0076900681385721195,0.0,0.1868021023204541,2.8735540867477947
0.07915179796666771,1,1.6202801814909225,0.007005965038899058,1833.5020863046234,0.04252173071852777,0.8541435951837926
0.30584002048043035,5,0.26693775856425694,0.06446861642672495,785.9058687008138,0.08950642374220051,0.036454598398811794
0.46149547408940056,4,0.3165661013987473,0.05504941273650802,0.0,0.08564594275772675,0.3817363672312458
0.13839715220836854,5,1.2053399218890102,0.0447580207565077,0.0,0.01710899070244886,4.713081745132414
0.43467876071570355,7,1.249401338813216,0.022603269092995485,0.0,0.021486282795356953,2.767499585560731
0.35729515984937077,1,0.5970958519643279,0.07389945050133188,0.0,0.15015376661619936,3.87319748504343
0.22430031049197147,2,0.9110033904384405,0.0024659694959496205,75.36991618045181,0.18900526596183215,2.0387052210862695
0.46286703307290344,5,1.3578016844604148,0.03135741922195704,0.0,0.19097339198253005,4.702781023622232
0.10967237107717437,4,1.8737068601820306,0.013162029791424992,0.0,0.0534312156930758,0.0878344980874527
0.4933114622426394,5,0.6367040442720218,0.030498396221990135,532.8533199907012,0.1017848190302663,7.3922321366585795
0.21345474077532203,3,0.20678987326008302,0.03452064958781139,0.0,0.10367322982655926,4.7324178549632645
0.4539125442838696,3,1.2620683514240978,0.07625897430249863,1444.7708108930265,0.11178972924408434,14.29583094597569
0.10026775065521605,4,1.1213889627513602,0.007604522946605154,0.0,0.08327968757532186,0.44198343067069723
0.08756026546895805,1,0.4149388761177544,0.07246801536790365,968.6132724936543,0.0828186375356876,0.3730968155831329
0.07455446181966242,7,1.6849139722368272,0.018277726073361898,114.98023890704148,0.18264468969191855,0.3335068136308753
0.1325404097678315,4,0.5915056692406588,0.03965231367065977,0.0,0.08269403408593415,0.09409441936384542
0.10637739353329442,2,0.5797613590677193,0.0011612075622087037,834.4357964912954,0.07555519458395092,0.2321260122398989
0.49237655725585044,1,0.01690299212492108,0.06713663624315672,0.0,0.18809578711111904,10.355219160859637
0.2763618317065331,2,0.8714687136866153,0.01794187345935242,0.0,0.0837819319870731,0.9221984257794942
0.2611661125349301,3,0.20932126781579252,0.06581183417551115,0.0,0.07942264605349635,2.3006987278942956
0.08374279405556692,1,0.5504722118622449,0.006016162301024197,991.8731183193383,0.17940434594083998,8.991093505747292
0.21356511796723382,3,1.1540408033811167,0.017691808808855472,0.0,0.16082348469831295,0.49628332790354546
0.07387232306024796,1,1.6221744924005168,0.007006045873293978,1354.9081217883288,0.1467558503669594,3.558766082007912
0.30842418290638873,1,1.3611661858375346,0.009701191468730937,0.0,0.08278116099914476,3.7043239651156874
0.09744083030820364,4,0.6320094457327876,0.02512878552714966,256.3107008770728,0.12608026214489337,0.07462821428661556
0.3668098450223563,7,1.1934459802124342,0.02697616281351622,0.0,0.025255953203991436,3.1336739397943094
0.18607610535273575,7,1.1265116876513668,0.05182578438595486,0.0,0.0298760091058936,14.688164414833766
0.4960275000866245,2,1.8638254651949118,0.022309754100877193,173.36221005031587,0.12099975880955305,0.450073868248114
0.26960643796432654,2,1.7598591272767472,0.07997930178064741,0.0,0.15289821542722992,1.6756030960411208
0.491133607920602,5,0.2570313368882329,0.0020926673858735877,1228.0547262702435,0.18722730919811806,0.06966233551064391
0.13701551354827338,3,1.8116987799986115,0.041299825856004835,0.0,0.18442360722088064,3.792673727254182
0.3574985448592583,7,1.2309819193334384,0.06030244808691323,0.0,0.06263611512851466,1.9538198078258802
0.4210958373702933,5,1.5843798765504902,0.06708974369584454,495.4304120014193,0.05552834429672396,1.025618484802784
0.14384821398127312,3,0.9106574996172043,0.07267500382978119,0.0,0.14433331686553172,0.9308938939851095
0.462060478403842,1,0.8092900568801986,0.0049958024958005965,230.0743859435929,0.13512746393607952,0.34624186777055477
0.4230881039945746,4,0.44247563961336733,0.05416589701267584,972.7657144245775,0.12392765788829707,4.523411161660305
0.2539558984520164,3,0.6729223251544245,0.04713251019150306,1503.0323791642497,0.043499892766902276,0.39498201173905345
0.4126081736012355,3,0.7069549502567576,0.05137677096021579,0.0,0.022746609628263827,0.9453588053391807
0.14297688358899646,7,1.6237792871366334,0.04267827807250342,0.0,0.09193083112975155,13.878593497355528
0.06010949768858686,1,0.20150568791915258,0.05660182551824343,0.0,0.1741691414079562,0.08983658301096076
0.09607942600460641,7,1.386338720507692,0.06410972283709093,0.0,0.06792623277348615,0.2559045733068322
0.28039607943174255,7,0.24525609995601316,0.034677095978649895,0.0,0.18767271685723202,0.034628007755645146
0.12666175427548762,1,0.4186436320940341,0.019270245096438616,0.0,0.14337180445203157,0.18566790209440515
0.14842437604427264,2,1.2190570195081272,0.04681558283142831,0.0,0.0977254508386335,1.1382997892764335
0.11476259322473908,4,1.7859291834096547,0.035835491216616264,860.7599114840693,0.17022500694064144,0.142663266773949
0.19257650075276908,4,1.171726101055843,0.0780862665978015,1815.377565333375,0.017524712804227103,0.23715482341741936
0.2965308360852793,3,1.6146912424007371,0.06103943490317553,0.0,0.1909249835046614,14.623007491122399
0.21967819819201484,4,1.4846204910674488,0.0616329429654915,645.1683337512753,0.19477477382566022,2.337068837058344
0.1474269798602797,7,0.6255214548436319,0.06614456902248263,1598.0920554360405,0.19787878693008515,4.932276423627399
0.02412980019163562,7,0.0004858688690254631,0.01015488461393411,1741.3415462749476,0.047488197375211136,3.238572169282884
0.485743308610436,5,1.5812059295395107,0.010683447160444092,0.0,0.12352948463558938,2.318667942996753
0.43893191903034423,5,1.4070566803630609,0.051588483474378145,0.0,0.19023732902130103,0.1727502102669581
0.4613240482867949,7,0.7318388708271508,0.01932819696320319,433.67961645972844,0.1792349309970522,0.3620784070729286
0.2547788636303238,2,0.7699174452751143,0.0321835742461055,1927.4303755624278,0.026204518696591593,2.664237236379366
0.19439279030794884,7,0.03900529522104046,0.06445638339849628,0.0,0.19735266242000435,3.4288987786436333
0.10745693443962852,3,0.5969013222955211,0.05104741806371619,0.0,0.0479655781344187,0.6814635787442782
0.05643655080695104,7,0.5894296937129375,0.00014496270954013292,0.0,0.06874777493978428,10.235415938570817
0.11030983432159963,5,1.0403204460487914,0.029185447704628553,820.2310275706133,0.06766670542158147,0.2075645072374234
0.16517533444829374,5,0.5791654093414542,0.04617597971380492,0.0,0.03906654218260636,4.716271642589129
0.19485347300069075,5,1.5420767404897096,0.03481845744075392,961.7984495725951,0.1751129417149316,14.809863027986832
0.464008412567978,5,1.1156202514708689,0.030356910447477185,1147.5189625684757,0.06336017119699835,3.8003083220070755
0.43692572417936704,6,0.32622935023335753,0.019936301647302982,0.0,0.03448382842326283,4.889527358607281
0.38311482838371774,3,1.0502817035392593,0.016239484735295778,1604.0476328305094,0.11849479451847038,0.2875701036976934
0.3543417666518976,5,0.20350905700203148,0.00393221029797683,0.0,0.0662858672126459,3.786861887968067
0.23209822485704434,7,1.3388241285072868,0.017290864984873658,1830.751625537636,0.15976267206951295,14.7850596693269
0.015228362233019755,4,0.4944102378612665,0.07968709818116099,0.0,0.036951877081579466,0.18399783293129932
0.11298615926462244,6,0.3669157695177301,0.06067229384273626,0.0,0.16355871919286277,0.33884585435879844
0.18889602091358487,1,1.3920628139782274,0.027398017534904336,0.0,0.014859527681904863,2.842949091803502
0.3736784944693549,3,0.06729944679805322,0.011288771866611941,399.6276587570945,0.0459268519001306,0.36977741595214364
0.40707855588212416,3,1.694593491070988,0.03530194694000549,0.0,0.015827581901909374,4.862477190541453
0.3496726756872452,4,0.18659571095348704,0.04166992293079086,1668.8754979856642,0.19127043841213145,1.4349678324787776
0.019937354298344603,2,0.5180702882066943,0.05669413759724056,0.0,0.009025702049251086,0.11395557207452076
0.17549651840007516,7,1.587264828511162,0.0493168702583038,1297.9149509734123,0.17219040399354116,14.29858500500561
0.1968935184538447,1,1.4934866155963196,0.06862124386979539,305.31594164721605,0.13954806578813322,0.23737794447310687
0.041850386584955365,3,1.3450448084762787,0.05634072596019357,1812.0548461074857,0.023087967970440323,0.23147246746305786
0.07208924026477705,2,1.5716169684887,0.03699654536521184,998.4255966090378,0.09306123511481218,4.197099612923771
0.2816996660173737,3,0.05335352521774506,0.0009940475035145812,137.92326921051034,0.14651300086477603,5.980578485624576
0.22378769767817863,3,1.6682773210471702,0.039176322548628406,1675.0863676417446,0.07025736567455514,9.704733196771567
0.2686256081438267,1,1.6253860867515648,0.010608319259744885,0.0,0.09122075051522731,3.936247158263714
0.229192889066432,4,1.7259420546642885,0.03590653545445188,0.0,0.09573569513089739,3.2346941370215205
0.2736871631783336,2,0.7762661620044986,0.01366082267603085,0.0,0.11552470267534275,2.8171737898730242
0.09363194329809449,3,0.13336460072604917,0.06637349442120762,1358.1120275130738,0.14091568684812714,2.616672053231899
0.47856051837613695,5,0.17926354660923582,0.07673883482590577,1586.9115868646275,0.14111676779355575,2.524607514884774
0.4306029560829206,7,0.7339865341638947,0.025360077578744315,1700.2603061485972,0.07191696091325626,13.507784903326606
0.21772596216453646,2,1.0194463432071303,0.030396796180780204,0.0,0.19614899569324587,2.5348232271204854
0.07542262016288158,4,1.7754487957866416,0.025454998356511098,0.0,0.14943256074803096,2.629276932339304
0.31889488832466517,2,0.023052028105970512,0.010427257885525752,0.0,0.024258873357596872,8.086326485239507
0.0738587338841408,7,1.4255075095251684,0.003700655140902711,0.0,0.09994327830775407,1.3632625157045477
0.17356930673752632,7,1.281420449454443,0.033114084644207106,0.0,0.04216058501270509,2.3729766396454153
0.09803305162465688,6,0.5226567918818037,0.07879663757006648,0.0,0.049150166499224705,4.534127857666829
0.32174722604797895,3,0.8830945777596608,0.07559878284446744,0.0,0.12892384477233187,4.80566601765895
0.17168769869223546,7,1.3712061330897487,0.06071110801123573,1295.5160553859782,0.19071069600641682,0.17515821914736138
0.30956493641820737,3,0.03052967929205952,0.017610339535802134,0.0,0.08927634056231926,0.44042954764508613
0.3554064550383547,2,1.045145640523619,0.06255620935777215,0.0,0.07899629676789904,0.9968427395452681
0.2155617175753833,4,1.4411728387412748,0.0612610656838032,0.0,0.1032612911208685,0.1151724804984001
0.40704861657043295,1,0.9373032739927705,0.07508625916688265,0.0,0.1956206913239087,10.556171546824029
0.09336994268680737,1,1.7382432285620693,0.04433029729683651,1857.627525894701,0.13335891544460954,4.04135891796534
0.06701074043012785,4,1.8318860079081047,0.023034727527457523,0.0,0.13068427918080697,3.596137335283916
0.16646527121047328,5,1.9118375999240884,0.07386396066159436,1700.0780390010282,0.09101237204922491,1.205433264196826
0.2189389676810667,2,0.9751632067934322,0.055811710622378,813.7674132443204,0.12476096983549177,5.94907909766078
0.20110786976630474,3,1.5746976968194142,0.04330683061610138,0.0,0.028113862453303596,9.70762392387603
0.4402764465229937,4,1.3483842332300016,0.064340892350276,826.2069393239285,0.10321304340180155,8.736502963729842
0.20017951381656357,4,1.938722489991552,0.0767700923031785,0.0,0.014112909624172009,0.49663048795900755
0.2858763421541149,2,1.1874115659028692,0.06176254287778838,382.5342593178618,0.17958639096555656,4.468346603693073
0.24778755138399716,7,0.1583728182172517,0.03902582699055048,0.0,0.04121454983657681,9.439882143420302
0.09560721010390495,7,0.5371592086659331,0.06888503491837755,0.0,0.13584462523781923,0.1919177698952097
0.04015608672607006,2,0.3172743732991974,0.025014613202223375,0.0,0.004710670696541797,6.378949424145766
0.39022865640946874,1,1.0261544367360997,0.05365977603774187,68.60096034981264,0.08117511617895969,12.403130308439515
0.2759922734236966,5,0.13258037489310048,0.029344470811200455,0.0,0.0012697493750918204,3.887640475299545
0.41340164002623836,4,0.975437736630739,0.05045089524237204,0.0,0.09811960663206824,0.20373226528258506
0.17135960330365366,5,1.9863274778669568,0.008487363995836167,0.0,0.19012557054493656,5.977072753867585
0.017349265184796972,5,0.20444834226388897,0.06756172250509239,1972.8315864087235,0.12764932000681697,12.997627427952398
0.17927596421945174,2,0.5669222985281583,0.054940457622552716,481.912420276298,0.007925040773801673,1.8013691838464136
0.4063990973107172,3,1.8940805562887184,0.04038998520762457,748.3823233318208,0.07634983429741472,2.9598154067446076
0.28121023239742376,1,0.8982964054644251,0.0352096616787949,0.0,0.14400214439734893,0.12256820619809904
0.2122515769359228,4,0.9990983245351652,0.008967880828060704,0.0,0.09631514172924081,8.94800768462953
0.4771288897946978,2,0.8674474056628421,0.03296748877060313,0.0,0.10009728421489125,3.0147839192959993
0.3564452729682133,7,1.3075290061864724,0.0020378153388085707,0.0,0.044994695864994945,2.956561516700634
0.026787950168817132,7,0.6510066762522708,0.011495010014737019,1090.7645566593167,0.029623059727071868,0.40983381304138
0.09633525902048129,7,0.7893201758998916,0.054925943365982735,0.0,0.13005687833801638,3.227910141246494
0.26664166331089645,2,1.3165675668523147,0.021104485995708605,0.0,0.10426853548868663,4.832917223008144
0.298840693515691,4,0.8313585903257372,0.03675966198915281,0.0,0.1258737246861515,3.4166603437204004
0.3766214880136125,5,1.4880989024571556,0.040257536574636966,0.0,0.1449925593875562,7.894978651197197
0.3354216122488417,5,1.485442994372835,0.06772489359690283,0.0,0.007292387609255328,4.552997378488827
0.41359303298214717,5,1.4015173348794319,0.05813363754065701,1672.7727469997374,0.12505468701838246,1.4618311792750487
0.33208622432657353,3,0.35217857588770785,0.05946663308525253,0.0,0.091379326563385,4.919348203860339
0.20163519963262808,1,0.24155904486515745,0.03408922230646236,0.0,0.03290377380201995,1.549632610698764
0.3696960301928802,4,1.0094789507607034,0.011963945484555562,0.0,0.02559092562929861,0.31656285190227706
0.10627649967743012,6,1.554591151678147,0.06656757888664919,0.0,0.04345925053856128,3.8282358605006173
0.21464311287566434,7,0.03922106494850719,0.05370944071174366,1802.3459101871513,0.03371414418135442,12.919610144667157
0.0723187827162746,6,1.0761351014696454,0.07260931089801818,1006.3705968459021,0.008373346745005061,3.67158019966383
0.17619062093726653,5,0.4612772804285279,0.06182991491054825,0.0,0.02947319768804547,8.088608992364632
0.33283914807115267,3,0.9045490245782779,0.0012886574839469577,0.0,0.03780027773579067,0.190517255448041
0.4826651992523388,6,1.255112047741293,0.028510918281842254,0.0,0.005606207611086663,2.6762405303824983
0.08733705582875029,5,1.5272305979233134,0.02066114863097308,1984.4311403238296,0.13764343424745343,9.148476065605458
0.3862518523316691,2,0.24582236508448996,0.01624564743360497,0.0,0.16930323078682688,3.445795370819583
0.3575640044537069,5,1.518857409912973,0.02512352024141153,511.78520853485,0.12583609859323494,4.856094325524328
0.35444429882228423,6,0.6036693217857902,0.05202375792588061,0.0,0.07889939988809977,2.043698026068546
0.21124319628740612,3,0.016530595891716793,0.06239683684323145,652.1320337875427,0.059195919113313636,4.025015113660793
0.18262815364461238,5,1.707259857055914,0.019354218249538927,87.13464808486906,0.14675847119761223,11.571976616400622
0.2251243295504195,5,0.12259758889844719,0.04204634992497934,331.1272408451965,0.18413420139167913,4.975516132743829
0.2158354246735605,7,1.148587079417147,0.04976235834016074,1643.3491593550991,0.1723407554402947,0.5574041586834375
0.35066253131639047,7,0.4016575003498417,0.03616350212638413,1292.915370973513,0.14355454209194332,0.07626431325114517
0.45923522325664046,2,0.225008266476183,0.007590738411805971,0.0,0.07533969092177704,0.3050071806357486
0.22702790804056217,1,1.8283129233070023,0.04371368098880822,0.0,0.0024472887311078485,0.23155433718977358
0.20566981173184007,4,0.7909600560633137,0.013972005236429448,631.4800118574177,0.12011430568150369,0.7334693491729649
0.47169452255067146,5,1.8867145974197632,0.02920669386275206,1572.0175153761925,0.15133201723060066,3.3205271767333007
0.3226215852559616,4,1.1074564627967225,0.07891312147863111,1565.0454573654163,0.17462010020165117,0.06938795477467857
0.24661827393331334,1,1.9493568216142323,0.04830991294609521,265.4430745377265,0.17255871061684455,11.529927315417176
0.25611468365173984,3,1.1886634678531915,0.04748884355571315,0.0,0.02556925117241647,8.937191696530375
0.12143664707452934,2,0.21460242074134506,0.016483884817031197,0.0,0.15959260335946976,0.3526956559937835
0.18956389116906378,4,0.9247228944954784,0.03120528525981026,1862.0589016358895,0.06138719007347164,12.81523129533067
0.4660957594489333,4,1.1137611802959315,0.022243899866667142,0.0,0.03485593514933819,3.9806330802024554
0.43880928626742227,2,1.289812647729834,0.06811875594511951,1713.6873083611088,0.05365482526432497,2.527414425801842
0.015706000756517145,1,1.550321857057874,0.06429081177229548,414.2225739666228,0.08568710977795198,3.5528866327117052
0.30777746479764434,6,0.15929025806953168,0.03436821947588374,691.0546772817328,0.14436630674292983,1.9976826249125237
0.3798875391651947,1,1.5472947901106682,0.03644930991734725,778.3633452518953,0.14068749282384155,11.882332773356495
0.2611654871550969,3,0.5043639636385389,0.016297391462213328,0.0,0.09583702077242369,2.8171827292661726
0.09103150850146109,1,0.7478557394135676,0.0450250088762904,0.0,0.00920433498581302,3.6036573906408047
0.4275523964220057,6,0.6811518748422374,0.024092721582835628,1021.3528646587616,0.11632773746084624,2.1513102431764786
0.051110000708165564,1,1.8289153017618824,0.007209090634731563,1252.7929245323714,0.12012879858714241,3.577520096499546
0.3994508998621805,4,0.9699845691549991,0.02444611674622606,794.8181371382742,0.11329591186929622,0.49858553632189895
0.2185223800713916,2,0.563019241544751,0.019538696029126282,92.39073422422933,0.10459353831553551,3.0970502146149896
0.35418458879367865,4,0.42343355692393136,0.011622880779662932,0.0,0.19523804662034897,2.5525724402598495
0.024709910601494793,2,1.0348651196259262,0.03458847937174118,1858.7446301971322,0.06223711368350982,0.4246894202981434
0.49861342319860497,7,1.9011879318622487,0.06873042878009866,0.0,0.04480185617381354,0.4635744812621765
0.4278064150198431,7,0.7854702284484552,0.040350456343901345,544.1263097407766,0.10150058118360462,0.0919508755438058
0.44442890212278374,3,1.029053873164481,0.008550823639124846,1680.3545865753347,0.1439710089791808,0.7030214537065678
0.4673860935137206,5,0.6759399584809576,0.037587634798693995,0.0,0.15123309983150748,1.1220443905340172
0.205529821503669,5,1.6049196306747409,0.003309950597380791,0.0,0.00790851428459502,0.31266303934169737
0.4381726923695042,5,1.7442121274931621,0.023114961332606612,0.0,0.18737655671994322,3.09382498154135
0.398081531803796,3,0.2494722264433582,0.015069458565365582,0.0,0.18617532426712974,2.447607025518429
0.25160758779591125,4,1.8865967944913051,0.04222177672551016,949.0154577907335,0.0658521385353349,3.212633895200417
0.4931358703636231,7,1.7243059165862435,0.07113044285638867,1332.0164379960563,0.17911827786430662,4.827931152554609
0.21373517041389967,3,1.37852327093191,0.07512873765861512,0.0,0.10748898102700759,3.5566115059592356
0.13361669019264985,4,1.1044445603476931,0.05287790565197407,0.0,0.0967735164136934,2.3220986642142982
0.10720254452537363,5,0.0627231376091768,0.013621530970287541,868.7472249754289,0.10212459430117678,0.4220435620528806
0.3944077451251464,2,0.9943076317657433,0.010782862793395047,379.7526058202704,0.02610102147285727,11.049500131477043
0.3331501284810463,5,1.113850204780413,0.008658131741243889,700.3490896425902,0.044575055294054464,1.7464901830462223
0.27210300232749574,1,0.2641336215380816,0.02127161936218096,0.0,0.0070283520694454996,3.298210540656871
0.30466620756639357,5,0.46371922776569674,0.063835455140264,61.25278952128759,0.08643523037513486,1.0127537125004458
0.341309476414714,2,0.9189666021003307,0.07934231026677545,0.0,0.06285519010447144,13.31758140802247
0.24020161813248106,7,1.8677175915714788,0.06478308229504838,231.9104002078386,0.14801682775480093,11.785473414181606
0.28957508826605716,7,1.753685063763516,0.010084434508856273,1048.811482780055,0.08146852156624838,0.3593844424401793
0.46413528746391985,3,1.1660372948882727,0.07271341952971631,175.42248522748787,0.0810717373687335,0.18482582896598818
0.27306542680559504,3,0.49392644832364185,0.06319085903614742,1088.7876629760212,0.07911271348514762,4.202314187195441
0.2311897585124488,3,0.8052228766803253,0.07122420456908161,0.0,0.14762654953411034,1.0516242042823234
0.46468775860614053,3,1.4689740806448073,0.029373905154503374,0.0,0.02100554137967535,3.6048396070686306
0.17402031002384674,5,1.6820899650251206,0.04107983690734858,0.0,0.04815908335940796,1.349912222669969
0.14161358913553207,6,0.615310174712673,0.0033867594014642677,534.6447006578311,0.061526895642607556,1.9724953242265424
0.12867598708643968,3,1.9790399190017343,0.02100578971487656,0.0,0.15467957376598637,1.9885774765146946
0.09754477461616044,1,0.0895028678524763,0.023715257982351776,0.0,0.03005736421282954,1.8939439136430654
0.26572338634446435,7,0.44981194110364475,0.006128861140889059,1954.1788486097244,0.12928978492838458,4.985026738487564
0.447700651770868,4,1.885825422783513,0.05772094238747389,0.0,0.1694172845433939,3.2492593656619393
0.4119435506984969,2,1.2529712799415147,0.06361732692243062,961.2103484551342,0.11515698739476267,3.508198794425318
0.3186610469900172,6,1.6028336218172543,0.07547424858122283,0.0,0.05375952902770217,4.309405219055323
0.2575311986461389,5,0.3590005209887013,0.06124838546062339,1767.3035019727895,0.0800511841619002,2.064199165063929
0.3592581788232832,1,0.735694362285602,0.04442106580863522,0.0,0.16119852095369094,3.418403715650041
0.365440904814298,2,1.2324347925882784,0.03990982569231048,951.60547908808,0.015791978720708828,13.4358694559354
0.09734257053940204,6,1.6193485161761465,0.05565421305722712,910.3421493152182,0.1435787762657912,1.450683126221884
0.3200117470722664,5,1.1804623948127175,0.05562193063555335,0.0,0.13908225705295615,9.721167442332408
0.19762557080809495,3,1.2084109597266084,0.07038816384309728,0.0,0.07985086938292339,3.023655537998827
0.12192039116804491,7,0.40331042253378446,0.006259367886401819,1679.1980035044276,0.033367791419790224,11.867677955971697
0.26484051477612613,3,1.093358999777574,0.05674377095341322,0.0,0.014809667673167874,13.09032699507332
0.13019931135894977,2,1.1627331144091497,0.06246283866923811,0.0,0.010962840891565576,5.755544937627696
0.13087733057455866,3,1.3078627200342405,0.07380985193032859,0.0,0.0068657940727650845,0.4936304312325661
0.3603874200151101,7,1.0697455115175105,0.0701278495068015,568.6494260755186,0.09296595418071024,4.771006055997112
0.4993224863905485,7,0.18848070095449487,0.05070141278387968,0.0,0.15308460002274255,1.0806655451469651
0.26799452938928564,3,1.373854833548605,0.02352027108759625,636.7921926725666,0.034259728658992135,1.5452301415572534
0.27205247869039234,5,1.1932610647142823,0.006949032638894624,152.65211962296416,0.012802470065418264,4.534571862361749
0.3242826918744251,2,0.5288085958592907,0.04220995654709663,1852.490975077911,0.11026756129117586,2.307439065939711
0.47504900555958024,5,1.9971963358730864,0.049890226628905285,166.04926299975,0.05539244645651225,8.542460031892443
0.334210068228953,6,0.5949853399853364,0.02370784615044646,498.16078149544535,0.001180261213971955,1.2703313472580637
0.06119637370083898,6,0.1390175428971725,0.07777332989925523,0.0,0.1206620480428941,1.1062207889137659
0.08394883152962959,1,0.8970850987369188,0.05009958582104264,0.0,0.03859703293922551,7.562549238890726
0.196295549007837,5,0.6097587147824142,0.07921406349045747,0.0,0.13269635204908967,2.5097085549799516
0.23424635185643472,1,1.9092753040129367,0.07406308395956547,1048.73141407108,0.07266828071364867,3.6045320149101236
0.4431589106668815,7,0.6315912890165023,0.04750990141342892,822.8945353365759,0.016489991468992295,3.599453821816182
0.3387877759538548,4,1.2283674479690785,0.0643456260877738,1266.3190995200039,0.002120631236862692,0.07687131581108293
0.18802899302881493,7,0.5921276814251717,0.0568339773109424,0.0,0.16656602056895914,3.127504205174218
0.11278995275176298,3,1.912039420973134,0.01717881000972506,1485.233868312405,0.11181203821377796,8.779683556412841
0.23720114482885724,7,0.05084137035904979,0.0031527628232311945,170.20167270180588,0.19175057575799334,0.17321971884489995
0.4130337229791907,5,0.3780345654929944,0.037554788972323505,1082.3996940554891,0.07970232616053048,3.246772399898241
0.47016326217201787,3,0.5692205291203543,0.02906985667984782,1958.9128116831312,0.03530570319880743,3.7824174229222174
0.4823324297917822,4,0.7262651805189244,0.06757673336606901,0.0,0.08873016742780067,3.9851483867419253
0.02655668396464183,3,0.1384602514912634,0.016830924359529924,0.0,0.15752218752609945,0.050723341706840105
0.203053878779397,7,0.06687597112219534,0.037619926826300346,275.56668611382725,0.18930663410761334,3.3687446132037344
0.3261861001085458,5,1.2850636706787326,0.022010220590087365,1583.271140562742,0.17646278217973585,10.821807361446398
0.13191999451572883,6,0.7583217279598868,0.02722199857872247,1787.4409805563164,0.09973900929412194,9.021563818439676
0.060173286768656506,2,0.41289046483240077,0.05498978935489067,0.0,0.142890350311022,0.1485664721123976
0.08675721539818042,6,0.5485237003177994,0.043808958731424756,0.0,0.027654302660600077,13.04202907297781
0.09852090202467344,6,0.9100308769288956,0.06137345122754816,919.597245375119,0.04570747932090922,3.6853794655439187
0.08511511865253983,6,0.9955131272137927,0.027449241313360757,0.0,0.08030190373199209,0.39307398766526747
0.09376299784811704,2,0.9804439493074817,0.02866315708991058,94.07865675049192,0.04952470326325497,0.43381884819913763
0.2390964863499452,5,1.806815511725586,0.00834971664662632,1727.483231406056,0.13789183045033598,12.223111683237079
0.1033239285447225,5,0.5575115989372583,0.03767366611341084,804.7812611130217,0.1129655584523718,9.271325310483913
0.12443548294392047,4,0.7709408693994708,0.012659259345221018,256.16289284071297,0.13329674395746868,1.3951256618175112
0.4688127533342428,5,1.206007680859823,0.06424449743129432,426.65761468591074,0.13391697024562085,0.26868956727461624
0.08949541858888296,7,1.5647916172889182,0.04246004819105138,441.20192369307273,0.05817873631230224,0.14716881450216732
0.12019452231051056,5,1.8435784662170522,0.029870284762947206,1839.0396326874763,0.18620183828945902,2.301600174214813
0.43649399503059394,3,0.07850610614199982,0.024435538123878536,142.65962655386522,0.044639761218461305,4.021932032702945
0.23310602093034494,5,1.3714144585721517,0.05196259448523119,0.0,0.0855740528435528,0.2712221288853358
0.2977177727864914,4,0.6578395564214488,0.040664935542135565,0.0,0.06329204558561469,10.539417338546375
0.23078542147989753,2,0.8253398880070824,0.02051552139705505,0.0,0.05568326261993816,0.3401157960658955
0.16634673643715586,6,0.8538106412726072,0.0441614537836521,0.0,0.14895700462003597,4.1406554760815375
0.39255903771404815,5,1.0127394753044179,0.053751361250909804,1029.2159209891242,0.1932019162366077,13.650625299843604
0.2549888598315851,6,0.3760821851775715,0.06877324381331802,0.0,0.046059491412442345,2.744829606849234
0.11539176210469548,4,0.14716258897938173,0.05032908959296952,308.6555551852328,0.1042090994425365,1.6728505464065062
0.08982913057079335,4,1.642063894192862,0.01635867689566588,0.0,0.02600656797033697,0.3816360455434872
0.24013058590629555,6,1.6774090490677191,0.03428516900814337,1044.6174456610802,0.12477056220206433,3.9569304551337083
0.21834279795109257,4,1.7037759649407664,0.05472198893536574,0.0,0.1379046051836231,1.8805742739954556
0.027658314974601854,7,1.6828328720507,0.05179575390009985,0.0,0.15613571332339266,4.9337149464540575
0.13127800299920397,6,1.9833461056633563,0.015792298698443404,1854.2660512310804,0.03023241720667807,14.474772343956246
0.44344027365854866,3,1.6409928893157102,0.0035765545135089563,570.7902856307211,0.09589071719675625,7.71359035191137
0.1007516807055078,3,1.066789783013609,0.04115230949969476,0.0,0.007941180858185504,0.9795176621049559
0.45393468381810903,1,1.3912815068908162,0.07503095808759068,1548.3798614501206,0.018752105204575802,0.2660018712321802
0.019805744578099648,1,1.5259977954238844,0.04676611782012057,0.0,0.09813130615869263,4.410281275703628
0.46767788042291514,5,0.8294716050599875,0.07442809417064543,440.0173961698578,0.027037629908415135,3.0194742450964274
0.3969400707584503,7,0.5129750464143086,0.04750006019257436,0.0,0.052650897484332645,0.6442821333806226
0.05076889008937815,2,1.7556095972179697,0.0611908928132237,0.0,0.10084085052100988,3.4189054657792832
0.363561402470796,5,1.3570341389688287,0.015872808095485018,1593.6981407569729,0.09566511155962219,3.9701122167686997
0.33402000006989485,7,1.790825422388438,0.013005365493078288,281.7625280286626,0.0039750442497435414,7.449535083659561
0.36755281744889323,3,1.5745006053387258,0.032699282940649804,1377.1775467323491,0.15820497715439685,5.847286832903179
0.3152567149671669,1,1.0075468874492681,0.051676122488963604,158.68427667773415,0.11521834198282432,9.813827117484275
0.04847832111137068,7,0.6641477816476409,0.012395342827034873,1067.119050332687,0.18672200606343428,11.929717937736672
0.012462496649002848,6,0.6701848685366851,0.0027603101198660786,0.0,0.15392113219146394,0.3647284510268338
0.29409212285901376,6,1.1981986502055049,0.007114361820401909,0.0,0.07507681374202821,2.996630412232766
0.21720946954872164,2,1.1253390813686173,0.07715114053258082,0.0,0.1431122667268284,1.7553478748908724
0.09838986322417931,7,0.43093886549842253,0.016028068115872474,1613.4074628492335,0.1499070872306207,4.8601529317343415
0.2909055774890697,2,1.661844981643701,0.00332767650051756,0.0,0.0752284128758336,0.2924407044580043
0.45950096173830696,6,1.926968557312345,0.072821741700316,1180.6524575451456,0.0746477667339242,0.08998289753174403
0.3795733484412789,6,0.9029918782388884,0.075077456989265,0.0,0.04319354224994356,0.23394956732674566
0.14613812078668062,5,0.04095416672439578,0.04175000882988616,506.8949437074969,0.11620849806486605,3.5909873527179044
0.3904376277908306,4,1.646452718492999,0.008243335474478615,0.0,0.0016212086199255157,0.9887333105592166
0.24166873919777568,5,0.16547016612448218,0.06591843113256524,437.8888510547702,0.01686797292846281,5.789018294912011
0.054763394029553956,5,0.26959565683895415,0.07309356779541755,1159.8444122764145,0.18569311180613943,2.091160156807933
0.4006060018497576,4,0.6369388512046108,0.05785835668844277,1593.8465267893293,0.1955572084116128,3.964700461769088
0.4301677743307479,6,0.7248628223755413,0.05900824768275377,396.2654051316544,0.06144288472862053,3.055226500275422
0.41748316525612744,7,0.1208730898811281,0.035460275317996975,0.0,0.0975836345297492,14.506117747428902
0.3207838001912533,4,1.1589883655805224,0.05321062881469804,0.0,0.1906802681774623,1.4899976250648135
0.24481596614242296,7,0.06683598941011892,0.06526566808202362,684.0092103805156,0.09475096064455303,6.246142077075212
0.4302514342384954,1,1.8934158300677764,0.03179903939381022,0.0,0.075354522874873,1.2926926062628703
0.3075606683497291,3,1.8667509982839374,0.02536585750109528,768.6094327848427,0.011739982524050955,3.6657866483975337
0.3029763862090329,6,0.6653131996417829,0.04025675334012345,0.0,0.0023845598733549514,0.07737938265537006
0.13750357028851928,2,1.4984726612049344,0.07490775579768666,73.52190975368147,0.007824043983797931,1.7558831126807757
0.29389606640049487,7,1.3444682996012103,0.0004271313575750835,1761.773576972838,0.17912613892028834,2.0515411789454143
0.4478878380543356,1,1.5399845624374082,0.06934112018330751,1986.790831197071,0.0033028675522987837,3.3042278918506094
0.2399520563593666,6,0.4642678256003123,7.544340219922674e-05,1971.1542855266327,0.162172710940912,4.56695267629598
0.21082535982799153,4,0.9542595347913665,0.035809909813241995,1077.1993691755094,0.064026707283018,0.6698629263534502
0.2957656293226925,3,0.2962678440327662,0.052306397106214216,1516.7020399024486,0.10121180237137971,14.363427533982279
0.4056117604983198,6,0.17349553560794817,0.026960223306980682,0.0,0.10510289246833865,3.1022987682803165
0.13702766634123237,2,1.1768671128328496,0.04455616733313402,1019.1961131655529,0.007380639901813775,3.722782446303938
0.21420703970578606,3,0.215711552307029,0.0520200575716952,0.0,0.07025800038894232,4.903602776867182
0.4830666881619681,7,1.1782374719604731,0.05766530531799325,0.0,0.034460076093054674,11.175573132096185
0.4908937036984953,1,0.42257007513987555,0.038600447310569067,0.0,0.10877749709687025,3.349904784964748
0.23662020309874074,5,0.07149678893172928,0.05635388971819893,233.77397948882495,0.03516710463256975,0.31791861988966197
0.05616307817012196,4,0.04102183864078235,0.019950063039671367,1451.1360703383798,0.015520698252211855,9.930351215402048
0.42492368331272634,6,1.2919285249983226,0.03478412270158622,0.0,0.02240471696231639,1.0548761239464115
0.24835883972861328,1,0.23845715563571734,0.05192733924308385,1129.1876442692685,0.0073394957431237575,4.660802680291378
0.20482001596221686,5,0.14231051176516218,0.07152858542437868,1716.7549574599138,0.16917124590936483,1.298442435123192
0.2439691447265896,4,0.9798635064897214,0.04310180688920929,0.0,0.0738819950455894,1.0900454428242494
0.23312842593513525,5,1.2322216008314422,0.037946045644023284,0.0,0.18317989936244797,0.22666999116662712
0.17883533491405892,6,0.9236688691212167,0.001695379698228221,0.0,0.09564850224734354,4.371665617762163
0.27564737956002167,7,0.8548838417131199,0.05013149466494067,1374.6674973614292,0.09462964309884678,2.191819593382987
0.3236239104957276,4,0.29504766835469365,0.00772403828781961,0.0,0.08514835963480544,0.04017451421600652
0.26480957768186664,2,1.7772853387259102,0.01815206137950466,1448.9971792125946,0.15276804449238537,0.14007138003990205
0.2654211993737922,3,0.42359857716309546,0.06808886606780438,0.0,0.19243355329209105,3.4005341958431994
0.3668928903635153,5,1.2587098852578769,0.078078649551396,0.0,0.024612484936054207,4.578593949930408
0.3941902721159546,6,1.004603435323484,0.01330493601672659,618.5765476818649,0.05730656603942892,0.4413073669551816
0.43530257887425755,5,1.0912169288543012,0.056543240351745155,427.79091939838065,0.05308882093836771,1.9877036448650083
0.43165062842784807,3,0.903483507030884,0.07749531601704344,0.0,0.07006235816480164,0.576146045592244
0.18882902195743034,2,0.42801422634774844,0.03804212173009547,0.0,0.05407398269680564,6.6007410548673064
0.39578966035412366,5,1.6780983361587147,0.07451377552689756,0.0,0.18530238401932325,4.650960249516965
0.33647236709121536,7,1.1757713838595634,0.04011171828762595,213.80334331522005,0.13662367994744343,3.5108600758802746
0.4717439025181681,6,0.1768751746710049,0.07634954897825887,155.29861975302595,0.07270390640062098,11.115765454794012
0.3917560322570675,2,0.17726594949916152,0.07377846958709838,1266.2973787241053,0.16620641035692107,2.436898586395851
0.21066405533656984,7,0.9117330003608661,0.059906197088319,1983.2917985382715,0.14293058201034392,0.4790933220161032
0.3372108409584231,7,1.0447465279336021,0.0005775957602974203,0.0,0.13576095401085844,4.902212686995447
0.4383108600724433,4,0.30872353979180067,0.02007891884185451,1621.8602225201087,0.05657379033015697,0.8493434836240781
0.3595963546995849,1,1.816069752671443,0.018854969146456756,653.4890794299906,0.19530623125442717,4.790461211410259
0.036236878937410705,3,0.8542131256740848,0.044375494851764626,0.0,0.158243110991799,4.102318060693175
0.13436084485243616,1,1.5730978727300207,0.07791022136349118,0.0,0.16267877930636196,2.9783447640098246
0.1521452098258665,4,1.159923961070222,0.007120254238614372,374.50785440633274,0.1574871098063779,2.376719277444054
0.18173039913578468,6,0.8048902768871851,0.05916027639248662,938.1687829222668,0.16607496064238658,13.734731710560043
0.12130337591795019,6,0.9841634107768302,0.042508866535621345,0.0,0.057650203997416716,2.616562664209102
0.16550350096412575,5,1.5723653383964262,0.03015599773490177,0.0,0.12712202886910687,13.877535094139864
0.47925510265639687,1,0.004281838690950446,0.03041929331307122,764.1933616970247,0.12070815276956152,2.1426138681747036
0.4531922243678309,1,0.3658479968426258,0.01049723863453492,1284.3489155015095,0.011552128434932342,0.40386710297408956
0.034316067594327496,3,1.4160475679958235,0.020337426325335056,1792.2147574837168,0.039636386627091263,0.4885343352368826
0.43547874218868027,7,1.7727527692487903,0.04333494592269827,1113.4575616606012,0.011190063488875485,2.773994150011461
0.3273774466472126,1,1.9384982776450173,0.04869473764828008,0.0,0.1293569532828219,4.180080564407385
0.2882420706703434,3,1.2203571524732837,0.012317930379506325,1581.1455924300087,0.04822622313657433,4.720945394567736
0.4145790085299442,2,0.7655856621598187,0.012581882726111458,1095.7818133045137,0.0556725140079639,3.855822417685353
0.11058312052982268,6,1.680899163277611,0.025888757554725663,251.9743039008793,0.1677080906259086,0.06897576167957123
0.3244699481760955,3,1.9799612299783615,0.0527973022241528,807.8792030098516,0.08716054185281165,0.4166925069396079
0.46621892513472807,3,1.7059679380602732,0.07782852837682742,0.0,0.14350260301550236,3.5468688737799865
0.24323102827111798,1,0.0020445991888959902,0.04801455554514605,0.0,0.17622912012545244,1.803819202380002
0.14206020439696568,6,0.7406403509010444,0.0016188986111960357,1034.862710527297,0.10552484250126716,14.114540034548392
0.08923926138175291,7,1.8842849645608093,0.014329542732556409,0.0,0.011365493478503037,3.304163153011806
0.42187114480811944,1,0.2644230456405994,0.05711316672669074,0.0,0.0596351317094376,0.25900729336236195
0.18416397355502037,3,1.495480771283384,0.02018672035305821,0.0,0.017386090456247623,0.9667857404412238
0.41959569528091784,4,1.2552397479654118,0.025747730816105624,0.0,0.0027921271886305736,0.09473230171305631
0.30996144815434135,7,1.018965475687829,0.05977393364317203,1222.6992343990253,0.15815592409978452,0.06098657799801668
0.2705935202972945,7,1.5926003719353272,0.034538625907427935,1050.1210748936687,0.14289325981864567,1.047143072900871
0.28246809424381614,7,1.3969609356297747,0.06242074647363824,0.0,0.0651371972071788,4.375788497396437
0.11971403893760546,4,1.0683797836172384,0.05431224166877655,892.9290111869287,0.08313985147700995,3.121492266688973
0.04479332230906839,5,1.735114574891077,0.003450223057506294,1714.2872997266547,0.08023283397237022,4.080680082926769
0.17453542591638974,1,0.18063712059814607,0.04501232957370473,253.88119339449733,0.1228854119123196,3.952752354741417
0.45363286224858945,3,1.3175722353618258,0.049850633660214784,461.9642780020975,0.07701471046837038,2.605934147467739
0.07237334121658841,3,1.4999739687599505,0.04079119585644882,0.0,0.17179997577506811,4.8708385713796645
0.06775145325308737,3,0.3807665421219437,0.07527569546165236,1994.593049026807,0.1054385333225835,2.2632935581978355
0.16191980517839302,2,0.6868412322613477,0.03678808647203457,0.0,0.04575014326933348,2.521669513688776
0.3298785497389791,4,0.2547440720667218,0.06589794289095899,0.0,0.19816946983324166,2.9922623712599927
0.2695897084758313,2,0.3220924299213601,0.025681722101957336,0.0,0.17568860141013434,3.0339242504262174
0.30090693347514014,2,0.5080422981911255,0.0687783026801786,1118.0928234648168,0.12230413824579436,0.25274228762826023
0.10491314346499397,2,1.8976916769341223,0.026843275374922843,0.0,0.18475354893015403,4.83288050383584
0.02184347254541671,6,1.7375144610731743,0.04292437368086395,323.1258907499261,0.0703066484572751,2.8008308581071555
0.4652474165258436,4,1.8224708308953863,0.0746508694724975,62.66528119855018,0.02284680778041049,0.606995160358488
0.2044868427534807,1,1.6763184028021734,0.04201617601846377,0.0,0.105412994006602,3.8410590389610046
0.11774266495660105,5,1.3649860674742975,0.0678055238481996,1867.599612641582,0.1437354415462275,1.2555643847093998
0.21557442581808878,1,0.9503954389138989,0.07560940058740369,0.0,0.015757662049032117,13.476811979622166
0.4963690392075839,5,0.7848896970851409,0.028983634607165465,0.0,0.17905509497418384,3.2000651486628597
0.09860105471117354,7,1.0776387344993381,0.03568914457001502,967.484904035038,0.010545544157315699,9.443938189157699
0.29858238776860085,1,1.302978307059226,0.020723136809641173,0.0,0.08328117956027174,1.653832211849105
0.36657766401954645,1,0.36301592324299103,0.0011185370377091797,1756.3173359282541,0.12321837782062359,0.16408065856221346
0.243204081708832,3,0.705754701008668,0.011444854576376616,252.82428585590662,0.07815362596308642,0.4279593354864647
0.16119758381856933,4,1.4508242463859409,0.005467869715855578,426.3792215411123,0.176665673165209,14.67859924081416
0.2441664238634173,4,0.26670401350722694,0.010639886965971136,0.0,0.010911767639100952,0.7925247023486284
0.19075075491304502,3,1.2529277105081118,0.04304636342992434,276.55251127318735,0.11144868631685292,4.730792284854755
0.3834151101854656,2,0.4851544057958732,0.028251023462494116,1178.040601475175,0.07378853227364138,8.29077416890032
0.05648664921083809,4,1.7756362299299973,0.05550063362792602,0.0,0.07512131884350956,1.2966864847695787
0.3206603760338342,1,0.05003030378170825,0.048310239169927036,0.0,0.15990964214113534,9.820935187947143
0.39377851395562635,4,0.449500076354715,0.015613969203200498,0.0,0.1556550780449134,0.2775218638568428
0.23125771687679766,3,0.036914451079888444,0.06655104510053836,0.0,0.1035839977194211,3.751912409274808
0.16746203909296342,4,1.302672211600411,0.01232605859784668,406.17065655035583,0.15035427215865305,3.694529450216541
0.033454143463992475,5,1.9536685303603785,0.05917999579123885,0.0,0.05284297164175784,1.029198274694158
0.47467159641087964,2,1.1946986019557062,0.03779696911319124,895.7090195585712,0.041252363166664044,0.032727771356182316
0.1574692806237495,4,1.588325417675219,0.016197403367660002,1029.6854472862472,0.18347877105468202,3.750950403600859
0.051671374439974854,6,0.4645314515950505,0.07179863078363397,1042.7124480454056,0.08721689779645433,3.682705633998976
0.33911636803264056,2,0.681753079167873,0.03267899111058187,0.0,0.15296575947212077,0.1950719992300894
0.4202475997625751,3,1.8846870153427149,0.07890534738176103,0.0,0.05896323192889166,3.9937611589372675
0.3020041379371996,5,0.642481755577174,0.028510594438301916,0.0,0.05166725652976587,11.3545717961889
0.08639160933457395,5,0.4033999252620508,0.03437963048605334,157.67437216329103,0.1909728651586511,0.3578067955965616
0.25805320768453127,4,0.6860309530011932,0.014739957959554673,0.0,0.193878880899843,0.05814107455905126
0.48121671836942326,2,1.0133824020125974,0.07731274368987431,1785.365558985691,0.13052488866165968,4.345734032300171
0.24097037398476878,2,1.04539452927674,0.04400309927988832,0.0,0.027333780667898183,3.5377098003046394
0.48976066318361394,7,1.0019386037177367,0.029997163925962342,1597.502834544531,0.05683745297889942,3.6892786095720482
0.07587123058950966,7,1.1135374397949813,0.03290041503282632,276.23390488985615,0.13491064703310832,4.175454079083124
0.10618072807010728,2,1.507007802214616,0.04200819185137952,0.0,0.014102590737222278,3.1334914822592985
0.14763280380312388,2,1.4791729793564976,0.019809510975912454,839.9491477418851,0.1924367880634977,0.23484497337018123
0.2823618389649143,6,1.2004050941851614,0.04109221374570637,158.19368703242571,0.05762358144413917,5.798936877913609
0.42918811780101923,6,1.3813360308774443,0.06742297968911433,1086.2139966199536,0.06124676652377527,1.0939234910558324
0.4783571065446651,3,1.0287664930220404,0.04710075708520076,1329.6677918342994,0.12214290670078105,2.6321379573206243
0.21311520640118875,5,0.3072371070087023,0.014401443604064541,0.0,0.1615729702360181,1.6426081610151266
0.3137834828167886,4,0.2127768108281547,0.0396137273797333,586.0712580903695,0.14364274562317478,1.961708493868496
0.02243202914073464,5,0.828895870070959,0.008537108799501496,1619.772033209361,0.04678709577558038,0.6440812399375293
0.15539155127373008,3,0.8416867767733365,0.07754043709757447,0.0,0.11869460162090312,9.807409124097227
0.011451733074594439,5,1.3233501214350607,0.024883336404558715,0.0,0.06855928909692861,0.7616020596207287
0.46526701281874955,7,1.9633690118740976,0.028005704981996234,0.0,0.10983634226366205,0.0453333840609987
0.47345727384677616,1,0.8071407848992027,0.05619169140323415,1713.2644216638103,0.06369613789441224,2.684175670420477
0.1834138548658608,6,0.757699223844378,0.01388485440582551,230.48311942900511,0.14461598985440458,0.21301182169381533
0.2116623158070634,1,1.3367214042347881,0.05921195149580727,0.0,0.18756767136515703,2.5606606093740405
0.28897424887028605,6,1.5175471245078769,0.04488957934301947,0.0,0.08064671597389327,4.577438523397023
0.07405599311796457,2,1.7401103862185656,0.054271451712472586,1248.5534969230278,0.16999460979412687,4.416848728512352
0.1861280628292972,7,1.5058857753672745,0.04142762497495242,1196.805136571896,0.18358607574136454,2.7768450335900132
0.11895297941305409,3,1.8973123154131297,0.05131922952514303,1368.3092097758436,0.07203975473588248,3.540860421562297
0.4805236393487044,7,0.9326059799637951,0.06885215099100936,427.27790635801784,0.1785139929665464,0.4508362457924183
0.034754911069444,4,1.8137456636381055,0.038757824722655404,1154.6098816602869,0.030727524807474357,4.240072475229855
0.017586404977382515,7,0.38189771775088577,0.0012537899110980622,0.0,0.01804021691497858,0.15564488773045812
0.3189245656487879,4,1.848295898273398,0.06202526031043009,1406.4984206519252,0.18493895464647842,2.1576852841313032
0.3593838191216574,4,0.9807160703303748,0.061819531563712976,0.0,0.15373167086835213,2.927066921783959
0.43426272148729506,7,1.1909580133313462,0.03594744420014573,0.0,0.05125965318263556,0.9866784021064958
0.13328349518476434,4,1.72249877036613,0.06504840376886752,0.0,0.019125798561130246,0.18732945994570024
0.2595516054331638,3,1.1040647516797,0.028590112275836993,1928.9217188121586,0.08929933855492767,0.5597084338739376
0.27842767651515327,7,0.26264649952863484,0.06553316000769838,692.60716037157,0.07694258779114418,3.7329866363099358
0.20209447205375972,3,1.1200079784578367,0.03603120611247448,1907.9675040858876,0.1591159065899194,0.186185658047781
0.24056689562609912,3,1.9159641072181992,0.047082054511469094,0.0,0.012882470070401737,5.719463592394404
0.03256212842200029,7,0.7243575151162922,0.05872996349255749,0.0,0.15807736298576994,1.8153057771916392
0.33133087787424825,3,0.4189724454391994,0.002431793184922091,0.0,0.11433286199953983,14.282167956475945
0.2691145568968155,5,0.8786065446559939,0.05968657252583144,0.0,0.07484188222590275,0.5817108452318547
0.36400604206608744,6,1.2871089339128383,0.07217409279819871,850.5074487069735,0.17335962170617095,4.770390492342055
0.47065972772216097,7,0.3244591421929939,0.024794392738333313,1391.9401516084138,0.19720888921941837,4.738884944646156
0.11593240119653295,6,0.04043504029559486,0.05366080173692272,726.1821402441338,0.17261846610632475,5.223017048986436
0.3086575100002212,4,0.8670902463147192,0.019167590637231308,398.04394497681534,0.15161983792295405,0.4807915384761198
0.04521887431722599,7,0.649501217934404,0.06678387940639524,691.7369666137812,0.10725735284005185,0.1281105647273557
0.24805207384159556,2,1.686664709783875,0.05744049680861183,1402.260466629853,0.18813987308017494,3.200983749778862
0.4887158167668678,5,0.34939870284179686,0.026032396986366974,0.0,0.12712926583975903,2.2216497065191403
0.1696567097693233,3,0.18132417701867665,0.05337958629065916,0.0,0.12837798892064786,1.1905557444867294
0.11130585641271717,5,1.2451176066432885,0.015093783298242612,1492.0449546562763,0.15694402212741948,2.8059495465619184
0.31427289717582424,5,1.2129155510870913,0.06042711436031778,1835.1723257683545,0.15555137480015196,0.04166038512000592
0.19804922587425566,5,0.3611924158094473,0.003074671424109088,0.0,0.16713752169521273,0.756056662239297
0.03572117013698465,2,0.8588375737045066,0.03530302422399547,0.0,0.08088726630274076,4.61829351733969
0.21261359716105216,6,0.5934226170573695,0.0673580020325017,0.0,0.12765767100146933,1.8427123110266104
0.3322209777994998,5,1.2554654711245314,0.014939702767786152,1081.751371937855,0.175364469082772,1.757490900061524
0.12317351062585546,5,1.1766155387611814,0.027468270913284156,494.94654840188366,0.06415709428042288,8.4807037086114
0.17978543480921508,6,1.1075479085888762,0.05742942809050109,1808.396268279252,0.06637330181323477,5.248758820146055
0.19464942489792117,1,0.7996649187004101,0.0027235604960211737,1114.4258319885364,0.06829056410661505,3.172088567369415
0.11194427863029906,5,0.408933440395151,0.07461455218884018,0.0,0.030828964770303467,0.29479035811309784
0.06574360661551938,7,1.7335771963004838,0.03490205245116532,0.0,0.04967792134383551,0.8111000111787021
0.08220855705590648,6,1.9315830602139352,0.0006588993273568101,439.47061228868967,0.1895095802948638,2.4815829825196354
0.35648910083274665,6,1.8093121248176594,0.03800741347898895,0.0,0.17077591799515973,1.8796958443619398
0.4187961705371733,7,1.3286885829294288,0.017124196498194737,0.0,0.040336516437979524,1.0222405672305601
0.021322357865865327,4,0.591198249969757,0.0756004626406945,973.1980613057024,0.16068789735081726,1.8379296928042113
0.03869572815503439,3,1.8896709060414747,0.06236869140339721,937.1726189163714,0.0718795283313558,11.029088114246855
0.2937455385661373,5,1.3689502037569554,0.0015278124482563538,1289.4616612274094,0.030521224720875532,0.8075642818536102
0.4149353991348704,1,0.2805700255759336,0.07092512901049217,371.1070118892449,0.11359778057903416,1.3020489451021255
0.43099927771144314,3,1.8337496578476384,0.06806420813196103,1452.0834512982728,0.16035589926140467,1.0194240231692049
0.2245860742852117,1,0.35462250704528975,0.06901392562655113,0.0,0.0018704224743188581,3.1893304693800197
0.40164032332038435,4,0.25463852451058266,0.06256274159079352,674.1079423581825,0.008398966253311702,0.5786065862555119
0.10426281520860986,3,0.4881891449852047,0.05832107370343749,0.0,0.19629404376091278,4.647773392389797
0.46715164879786897,6,0.1302690028879221,0.0347374876934734,0.0,0.055262733426501814,0.44499848492052163
0.3569255521269319,2,0.3987002578893726,0.034034495540507644,1229.8893961024953,0.13803722869020812,2.6664590568092246
0.03175367983497023,4,0.8724998234196328,0.07846746945791189,0.0,0.12316527259937476,4.957677410947955
0.2281044070128628,7,0.5077680219221363,0.061090553243770725,679.4882705419944,0.10955214146333545,0.24270531661472383
0.4417866963822641,6,0.1066979890997215,0.067805922383221,1002.9770283636238,0.1781027773223123,7.96945095953572
0.3978293073489312,6,0.14552475247925423,0.0079015241119001,0.0,0.06177091491172428,8.757058053802705
0.38135047981532905,5,0.5329944000256905,0.0610028089643216,0.0,0.08980618811016984,0.8582731309734699
0.301328707479712,5,1.3474232954416976,0.0006207718669939588,425.96371019959554,0.12584772538263708,9.64402906320646
0.41057414569757666,6,1.7738134487843518,0.03409851666118114,0.0,0.1802444362146727,0.08504039880748056
0.1566799204774919,7,0.8878333960930795,0.03873704526078325,1797.2553123837365,0.0835093924168991,0.43503370470099667
0.09539655246566674,7,0.04994180086826239,0.03196051802084514,246.35252215241604,0.08531493724792882,4.57289655524719
0.435976652874604,4,1.1134372514663307,0.02554053641983175,0.0,0.05658430768359297,11.83336281280214
0.13860555258633486,2,0.42474131060499554,0.06860701406099212,0.0,0.043880914574329355,9.330761025867925
0.3544531751368753,4,0.8142827691118228,0.07903943939572934,1171.4184047009749,0.02391761846900059,1.6837318130537178
0.044790528957641226,7,1.7783713996817523,0.05404798945393001,0.0,0.11514333678380403,12.229150529229354
0.3478422107093143,1,0.831407156569858,0.06295654483832332,1116.704885527673,0.01161469243803152,1.7183017958977962
0.4996742101872465,1,1.9950964433624823,0.02591242532505615,1765.3773740670981,0.07169817639340938,0.4759998612507068
0.24933599528961506,3,0.6704463604271433,0.003363583686075575,1716.8991033347666,0.07693330317727805,3.32465186120333
0.1940678803915704,4,1.5999833451110697,0.07486374727163622,0.0,0.1420355792459683,4.118102552836089
0.3591455844751685,2,1.5129553576808248,0.008846334965492754,1133.2425078711922,0.13830383341620325,5.836809882476973
0.4515997712591167,2,0.7002096085691274,0.017949346215390377,0.0,0.12942083175307484,3.8461523293455167
0.1761463327560704,1,0.24302233907533233,0.06480554465833821,928.7156789609295,0.08535605064740266,4.752727490275716
0.2786198486681543,1,1.132623243038209,0.05696436269529818,954.4769687526018,0.15245101640952777,1.5023694662316673
0.17545152271246037,4,0.24457744236119905,0.06788701256247025,0.0,0.051485669169166345,9.320247996337416
0.4060986981866402,5,0.687414184271236,0.04750974446264457,0.0,0.17771376035452496,10.205271128091637
0.36486281709854634,3,0.5733184968945053,0.06251921946068575,0.0,0.12978475266426454,11.798367597577203
0.40740062775319114,4,1.0032596178461883,0.0018629663554065522,0.0,0.14823329410904057,1.5990355265431289
0.17420383141810256,5,1.568883084141458,0.05429705889722831,1804.531249968102,0.06789577333203468,4.427583462857493
0.4005239508319029,2,0.30218209521077166,0.056056366094989464,0.0,0.184612489876324,0.17960814406334497
0.03684575099320775,3,0.7550908459911143,0.06309491433851393,0.0,0.034252917465361146,0.2112868549976794
0.4527440588116681,2,0.413026329859568,0.07758566281928322,0.0,0.15737064792835712,0.668695805913467
0.459723244702696,7,0.5867121599879752,0.0655304177248801,0.0,0.15844535081039798,3.078471398511168
0.23460474917794374,2,0.9711324045668583,0.027431367307918376,0.0,0.18586040037895205,12.15676480122577
0.44349436493662703,1,0.04498465927108097,0.0685154435716344,1547.7687555500468,0.1673609053696015,0.4165520127559311
0.2572747944529376,7,1.454584954479137,0.02156493546019676,0.0,0.0711337740849954,0.5744170605230186
0.4092480808015891,2,0.7625314381780945,0.04007509533999156,1536.1115100600032,0.08643491222060336,0.10920467830756689
0.23340296791651435,1,0.5976061281665492,0.06866848441272774,1277.8004067532918,0.15923300377979296,2.0990286869879613
0.29139248632597275,4,1.902224401952533,0.006162559998729114,0.0,0.17694529538415865,4.965118606200089
0.20442851191817005,2,0.4396014239238475,0.024765548179058516,1091.4982956674378,0.04443562708782384,0.14129507626017584
0.2562395170838112,4,0.5644571922362223,0.06503238646022393,0.0,0.15145825043413055,0.24005042029276333
0.36966213179380625,5,1.1414874834666398,0.06177220038459717,559.1979316445003,0.06763653324879726,4.67228676981195
0.45167955983722197,6,1.103310497580913,0.03744899123639415,1136.064453228434,0.1325624675417594,2.2195168902928337
0.3012605980664458,7,0.5117657720895503,0.01574493995682457,0.0,0.10784335283356397,2.227726503667665
0.14167646003774753,1,0.1519205739298337,0.05563257188714446,0.0,0.06296972336393072,0.4363897835282491
0.2517876968485419,2,0.03756865217436367,0.07791483247905559,0.0,0.1646057026109205,1.6901247089164857
0.07368551394321816,7,0.41767404090396765,0.024541820108226586,926.2350676226151,0.14200724588793484,3.3997827302683956
0.3598866220211741,6,0.9173216420759753,0.06148601379275188,655.4803674714925,0.19889176950600992,0.10626810910276509
0.4473457576406285,7,0.4881269020858505,0.009143302866948524,1723.0906843183493,0.14761329396173226,0.21767065033211935
0.25886816267032603,2,0.665295270668292,0.006770175641607228,1058.709197147457,0.015805127250017755,13.685064706853911
0.32331807368651977,1,1.2681010166134388,0.02055887502830249,0.0,0.003036537425342745,0.03392437663147174
0.06407397771335897,6,0.302486676293932,0.001461438528774135,430.78299983196354,0.00945327455972839,0.21053400828457156
0.11744019378036423,5,1.12323231958291,0.05718847793603273,1349.7499878304932,0.17429127453034798,10.789365594070032
0.22062962086449403,4,0.8460723581643699,0.06770211637357003,1478.8992282498095,0.11788750562503597,3.915734045301987
0.04328364903948943,2,0.26516436036235835,0.03160610603105541,0.0,0.07336192200546025,4.969268553192498
0.4974583843588484,7,1.0548045743401167,0.012830730707493708,1419.482308293887,0.19342332707443569,3.904004643653893
0.2226919779868382,4,0.48107017303189403,0.04124375952601137,482.10718935692233,0.1515679348298991,4.649590964882346
0.331794126163798,4,1.8190346328901053,0.015079043995091093,304.71774199935317,0.04920489635508564,0.44241522207715134
0.10751866908734367,6,1.6024198004872579,0.061733448504859664,1089.7412955196285,0.02091286964174013,4.002780264589452
0.05573077893221494,1,0.19540642220214988,0.0492745605669335,0.0,0.08586171826319397,2.126221752044941
0.31676917040698627,7,1.6281365747733614,0.025139321639960396,611.4786089342593,0.17797164004181548,12.576576166029724
0.2861005321682974,5,0.8146631796951849,0.045147137854573874,582.3733913030619,0.12566342427739416,12.074547917329014
0.24494550928359035,1,1.5786008982163002,0.010415556789629337,0.0,0.005148202721732461,3.333526933369493
0.493587719966924,3,0.9483203490362506,0.037429018988862583,0.0,0.04897200073613237,0.4466291553567109
0.14473498956194503,2,1.712598653432234,0.03924877506493916,0.0,0.03477496450982672,0.3675718576412036
0.06443763233453534,1,1.9175092324298073,0.035357128715741544,1219.423066195952,0.07065774137580465,0.7894566375497856
0.39989252600902875,5,0.5916267255027194,0.005362246323001818,1399.046242943849,0.02520201320711023,0.48819009071268415
0.34377454971535737,4,0.8040169433017228,0.07658534810324417,1474.4713848967906,0.046275477651854365,0.22493924875171362
0.42972023215607447,3,0.4063078743799362,0.07356827355371494,1978.909120513887,0.1749372560646568,7.446861881232726
0.4227022967476247,5,1.3724998717150145,0.025448859392665356,0.0,0.021377669609404244,2.5269844794166993
0.16852965794728808,7,0.9317426173927368,0.019097174714805085,1152.850434857511,0.0164196736926478,0.21238315692745469
0.10094599133816225,4,1.0358143212805722,0.05635088628139011,1835.9867377365713,0.05626541220887396,0.1528050593583138
0.37817216756239636,4,1.6525154586641382,0.02672617739342778,0.0,0.11028198246725761,4.9701775467207865
0.07446964882067383,6,1.388711777990542,0.06657806268031244,1373.0039207004634,0.19084914501971822,4.612166592512956
0.48422794712584627,5,0.2744296239280486,0.04712930750621298,1596.490464980742,0.10975669295842878,3.284045190809892
0.2274682430802396,1,0.18997328995462426,0.025661153121736016,0.0,0.12489616551597531,0.4344841104643634
0.22929569537847438,5,1.3905578027348207,0.06460020200910584,345.1538552142898,0.021555400042975983,2.3068231438307087
0.2202579139079389,7,0.5513717938054006,0.01401794338928922,1896.2427859491602,0.020987643154531235,0.48120594890877777
0.028514268688000673,7,0.009288966169977542,0.0698934924521065,0.0,0.18777918277728203,3.444378446903252
0.04921595918530896,5,1.4399784620654486,0.006797586994579943,0.0,0.02634240649880117,10.258496362638134
0.39787179723256566,5,1.9196687627977536,0.026330936444486426,1702.842179720516,0.04292539906818501,0.8270704201541669
0.4199882530858962,2,1.831183971029739,0.026319661975037507,1367.7032475701574,0.16150596379395024,2.7956234385968086
0.3371602359940606,2,1.1303465124478749,0.03583130758755705,0.0,0.1009773070408636,3.9065534048631214
0.2765079112813941,3,0.09764408385073997,0.0233979226578846,1517.2619125737037,0.04255924286813562,0.3320125604281341
0.23446051794110795,3,0.9065994772930857,0.058115308648593336,0.0,0.0798088449141669,13.084602894771484
0.08837099315979503,7,1.2818335492881507,0.04185464540145728,1466.8856413034862,0.10243874755848151,2.3196861480686914
0.12088910021410491,3,1.1288836833076266,0.07618411076808854,1178.4662629998727,0.12971432640947028,9.283427944349604
0.17238312808189232,2,1.1230491975462902,0.05095660944166396,183.11843841822693,0.08416561928145616,0.25405460797270263
0.4610314273008052,4,0.37871245536133014,0.043829664850977584,0.0,0.15307987628461941,3.315153125613887
0.03534323245178019,2,0.4030282508482168,0.06460444407994408,0.0,0.014864900020293968,1.6364954633387228
0.37527168261844,6,0.48901499468885046,0.010964774682926502,1252.1347491554268,0.038115691488307894,0.4403267327172842
0.3739381232440265,7,0.7003788114616887,0.009493799365744326,0.0,0.023461014111717606,3.5913023115250584
0.15174838797656184,6,0.5941610997559967,0.034124228339331174,0.0,0.023099436431243764,1.7038033580924
0.41182908921566425,1,0.472947434732613,0.02763361601414389,877.8944145027864,0.16762815933107908,7.997294847209249
0.413490896012891,1,1.9478811671465144,0.026203781675079432,575.2459904519635,0.19782581862926724,2.585801661613479
0.3105613097511664,4,0.6355210136499085,0.018574782677623355,1679.6973781880727,0.04672237429624974,0.4081303199992682
0.31159919207987113,1,1.2027352539801328,0.07686844614278238,391.590984223153,0.09528288909925664,0.6271911547248996
0.01730602943585587,1,1.473444853002793,0.055216533201664156,0.0,0.1847332007249258,0.4075317636891074
0.11546403873180901,4,0.027319766870584017,0.00621183322826326,0.0,0.0316408958819711,3.326821720296598
0.27814633966084895,4,1.6061891517612708,0.04896396971585226,0.0,0.0012722288883438232,1.7452399889403467
0.0611298405295247,7,1.7588346205287921,0.003139486083243712,1345.5320511605464,0.13654640211540572,0.3145987591988979
0.24754124944431904,7,0.5558440215387181,0.0712251564970921,856.162321589122,0.015463749012321379,3.6628287052821467
0.31088136741655614,4,0.11800666799820059,0.0724889401157326,0.0,0.05204756503783578,0.48373805497780775
0.4274853162493044,5,0.3232321214605949,0.02342684979682083,665.2039526403366,0.15870783469043173,0.388462500113666
0.04349234027677746,7,1.723630352291815,0.07470544134458257,1563.749244835671,0.14393629360020363,3.2960300964280216
0.26552942463588586,1,0.983425146980144,0.010219421083415128,0.0,0.1358967509732644,1.9893330696130174
0.09279635351856626,6,0.3916784837884675,0.03882026036745815,996.7169877734515,0.06775984550161308,0.28863889589607084
0.1429216073767566,4,0.45917461778503266,0.014064790672847218,0.0,0.01444302371252934,0.31441683249734786
0.3133820966641031,5,0.6674296969515858,0.07936307790228757,0.0,0.011541608303174068,14.272648702069862
0.05438682519758986,7,1.0214265738900625,0.006583483281438083,67.76439057029323,0.15542841350960868,1.4568113721357827
0.1936279489262859,6,1.5949779554260344,0.04766460259119757,0.0,0.11266091164491175,4.205538741916943
0.4910463365170129,5,0.4841773325710099,0.03494223064170062,920.6319199820084,0.014633005900968925,0.4019099405184544
0.32770280710185007,6,1.8480689848605092,0.006213793061827086,1428.9181599745887,0.06661272290742652,3.8336421412973487
0.3047208394317916,3,1.8899304179722758,0.05171444623936026,0.0,0.14599982241966314,4.935851159045132
0.11480891082364796,2,1.560335044450245,0.027118647147053664,0.0,0.17769246582733583,3.311297833530265
0.4457266873881445,2,0.5128367391508413,0.07129835528251739,1218.3924886606267,0.020038073375214325,4.7490065351320405
0.29885763824595846,7,0.5780126694689269,0.037483043617255137,1783.134195096624,0.06626196409597575,3.512663358736691
0.01840432354134091,6,1.3593502622812697,0.028097570453405576,0.0,0.13715772444708574,0.22723773008373238
0.10220557656592981,5,1.8139485861369573,0.0715190139005798,1775.9547209265147,0.002631941176101477,0.8070695739636835
0.14357120032619286,3,0.2252142980786236,0.07296515623011113,0.0,0.12298249097628272,13.823965347663638
0.4787163249949728,7,1.3769755826231187,0.06646698009273223,0.0,0.13886351977924039,0.48744167126770177
0.181498786200233,7,0.682404144784307,0.05295341841263411,1633.4649214006881,0.032027783422902585,0.7890586162583939
0.10508640132034644,7,1.8169270285207875,0.018065951021122705,1912.305111418556,0.09984451980965575,2.6746191232008103
0.39720572316045266,2,1.5496555333092428,0.026986362488273186,147.9155868422668,0.12212906334533428,0.42037416280379214
0.18417023715443445,5,1.5300046479834462,0.07635683420309068,1905.3541755043484,0.11401936884727533,0.46963609846633925
0.43556715139241775,4,1.4293748988699082,0.042183930650303514,660.243953829299,0.11525823792230701,2.703024078024226
0.2334916457634342,1,0.031548779542891925,0.06591880467613699,1379.6522398186953,0.10867250387270766,6.19956207748192
0.3715759262958446,1,1.6549619195140122,0.028809417239120307,354.70961263214343,0.1075696506564243,0.3795563030276494
0.26874862672714106,1,0.6077071617364449,0.043242340087114854,0.0,0.03818757066628764,3.5846266327040346
0.06899598367383108,4,1.309855469544272,0.07040853337651239,0.0,0.1944363767411481,0.07752883844537939
0.06498365423116371,1,1.5619488014361047,0.02933337422997065,897.1192693307424,0.030939261603870043,3.555667244400979
0.41779063244714554,5,1.112838262224299,0.04140883819302601,1321.0102015930809,0.03856293710888669,0.22945098068023306
0.01764920490628733,4,1.9097794200185159,0.03866834424471192,0.0,0.03711802802589739,0.42143904954797795
0.31106090456541124,7,0.3073486124272413,0.04930357701846276,0.0,0.11575799023408104,5.425246335190926
0.2156760177099209,4,1.7537171660523434,0.06253778127903678,0.0,0.16355523562766347,1.1735305906262048
0.12090211147116653,7,1.4598312590251552,0.06969105201297242,1856.8697675045582,0.1596861638578165,4.016570656237873
0.22172101929751328,2,0.43533175213187647,0.010935605959122904,1230.5307253090211,0.14139502947196433,1.815499900775221
0.17185239264445482,3,1.0920921467162317,0.032075098879708754,0.0,0.012429603644793816,4.079547097799368
0.20011337524670794,2,0.43950060033375893,0.00518177596201614,462.48082043365673,0.0792936623979352,0.13634670483646452
0.3985221163815215,3,1.0324620188338283,0.0559765084599935,0.0,0.12459374360561633,7.991302956312444
0.317046296489442,6,1.530997000810599,0.06720617277501793,82.25192611525938,0.0381747717399092,2.190917065117833
0.49141649901994244,7,0.9364351921759382,0.02004107785311131,0.0,0.08124287506155006,1.7169535399198457
0.15552749665831408,7,1.585689067674244,0.03461139844832287,1973.393801236195,0.08563632190992952,0.7454284730381782
0.4226829393030274,3,1.7924541146162167,0.02180585087309452,1665.5744386813249,0.19613103024094938,1.5608893100215253
0.1721247795524068,5,1.3065431316654874,0.004295775035149943,0.0,0.030736948526261798,3.4779431962732814
0.36335656826353135,7,0.09897002710774161,0.07113812749307373,1252.6392571210606,0.12555414635187445,2.3681502674072945
0.4016521028930652,5,1.3597457478943498,0.0514344966528608,998.5303783008399,0.027756951112645825,3.480934880396083
0.31042976713336434,6,1.2699793231929006,0.04649890758835723,622.982063462823,0.15142954165445022,2.350224346308571
0.3396291379785174,3,0.7714646557996665,0.062328334987091734,166.07608390005385,0.11672015361519039,0.48464001094837783
0.40758967632332155,3,1.0074654906164684,0.01294186851077626,0.0,0.020637502579291606,0.9309554878983213
0.08856887551353117,1,0.7626212799041558,0.06735667635346788,190.1844364700261,0.12727547803146377,2.9019647409441087
0.33682258212007754,5,1.762933529759112,0.0510959275906538,0.0,0.08572656137113073,0.04478488176563226
0.35078304605264793,7,1.6033155256161278,0.051962090299949526,1172.7117964475037,0.07761805889976782,0.21124168077146319
0.2698630504741208,1,1.7910402407616521,0.0692986898287138,576.5097431067773,0.007961515173304505,1.754183055293189
0.45558656009523435,5,1.0440468353286974,0.06611319430791056,1754.4690894285022,0.14448318682124756,3.0430520194237265
0.3642555569770577,4,0.6195449694480981,0.01922583045958645,0.0,0.18301835637732614,3.8218635379602457
0.25015842570212315,3,1.1255910704165024,0.02227859648342313,0.0,0.03380649144836348,0.42606662378469784
0.14931664661936284,5,1.4928384656882099,0.03232239602627679,1539.7942461731088,0.19839339704331405,2.3496835125857514
0.09115382911098395,2,0.4894036902993171,0.06842466945472096,185.56700349373114,0.010488945705702891,0.47268127356920875
0.4264369999949168,4,1.4719689775141591,0.0006275936992498555,1597.8452737080202,0.053979428977176176,3.51005047528378
0.33096210123849407,5,1.8635659865525065,0.008599890968754327,360.649590391275,0.09728840870783344,0.3133853864245839
0.2837009766370504,1,0.10332435165797937,0.026954149997123072,623.9789247049873,0.15289830735884585,1.6062220968494734
0.36712286824544527,7,0.7949078513340537,0.01683363869932146,1846.7252966003828,0.12828372975398034,0.3508957546247543
0.21932948336809893,3,0.45522115728354495,0.07898511857685288,1406.4965531841171,0.02456191524415906,1.1288329680395945
0.20118365048314432,4,0.27393024761858964,0.039059290354674446,0.0,0.15115013817768735,1.1339830425667943
0.4397433629182022,2,0.9526522278377267,0.003998617206204145,843.1120027494919,0.06398910188939598,2.4647655299077686
0.055286339222057536,6,0.22539572087665039,0.0057848459818233165,1438.170066197114,0.012627767180060454,0.8810426985921045
0.4528354275983814,1,1.3964659796262602,0.074095113715156,1665.6502230577462,0.11437186226341672,1.4800960180238971
0.1703280107990753,7,0.34531307166479785,0.02069121893098573,504.4476921230003,0.11814009027349627,12.480893657031265
0.3365490409329674,6,1.1266987247459277,0.06102667402420273,0.0,0.10950259577079612,0.9264690121640881
0.167578249469784,4,0.743791999082352,0.002262794263278378,0.0,0.035467522521222504,0.33862876961273725
0.42013381994352744,4,1.3396666776325772,0.05338894379934464,758.5271052564466,0.14630885796614945,2.9430595916492868
0.22234425390676185,4,1.091406032065897,0.05021042839214303,633.1754037372441,0.07247362378815668,3.25087482674924
0.09748112322446026,6,0.6858393172597588,0.015490674030417102,0.0,0.14679134447098963,1.4285249536194
0.08108204337380753,6,1.7945653442710436,0.010893931388925698,0.0,0.10899754820407237,0.6631470294868732
0.49216889359621663,3,1.3821472132091392,0.04168769436641004,366.7974169818245,0.12053278627341553,1.375098550959625
0.3774953117494347,5,0.9621022549526366,0.05392209433009062,0.0,0.11218595823429793,0.35724383339125054
0.03588407579722699,6,1.649893858921115,0.018966183004497168,0.0,0.09678076533310037,1.7930914778389853
0.30031833826964327,7,0.7932122507019448,0.04057915985734912,398.2854231811229,0.1965023296648624,1.401442187332196
0.21291345024075806,7,0.42699478782199174,0.02331512666417022,1998.0684502542922,0.06431636560818686,0.4027902853971995
0.30422328676482113,2,0.7049508831913989,0.013882953571110681,0.0,0.08408703841539854,3.454798772629081
0.46023750511686573,2,1.9194393782666794,0.036674069923593254,517.6327576093186,0.17848172876646515,12.862968850860543
0.275959016058304,5,1.8863262557066984,0.0707256087532585,0.0,0.10381404436298734,0.22306523207641657
0.43965551914321366,3,0.6929026146861208,0.02712614787095091,618.343914432899,0.024337082141228213,4.329666223407601
0.46648796677830273,5,1.0401798752116687,0.032055942499460234,1569.027586504237,0.0686816783640709,0.30491997561935247
0.33595001070572295,6,0.12358762148004154,0.04454589687059767,0.0,0.19313800883823162,2.991014572267672
0.45456019927926067,1,1.093027417402407,0.016420602378901607,1617.3163498929591,0.11104214161747053,1.012721824075934
0.051136314134894084,2,0.16041541562745198,0.0600863355121949,0.0,0.02087737728152374,2.351681204536213
0.36039965599360885,4,0.8506691918809055,0.034040035899757674,820.6900189088095,0.06734602842615707,1.3847035856670062
0.4317375367812548,2,1.6955805407257487,0.06910934047905666,1170.1458267278988,0.16281093425166246,4.505474630492168
0.2808462493223847,4,0.5848058014533941,0.032181825111236934,525.6684994299217,0.16793035715167,2.8947648238528143
0.4715606389058079,5,1.7417811400533334,0.017076921291117503,0.0,0.18795669665526024,2.1126543454957925
0.22586295758045533,4,0.2506017928122184,0.025999351621087075,1768.8758145577297,0.15843170952208646,0.8324168805836043
0.15009408229353952,3,1.2434343704076851,0.005193889838387289,1807.8559234821792,0.14138110644378318,3.5675404176158305
0.11122866496457019,4,0.6200436924322048,0.04223278623551394,0.0,0.17700979140153,0.23885971028150046
0.4262169120328961,5,0.6237802996088491,0.03549906219289315,0.0,0.024868096587649626,3.063737329400685
0.27153357058105587,7,0.007009327062116544,0.002210380464673207,438.95223932445145,0.01309308441085193,0.23026707237100427
0.36797747251236834,5,1.7667729740980447,0.0756442675013962,0.0,0.17376153901358357,0.32747812391567477
0.3628382987322211,6,0.12489871133356356,0.002812857063091094,0.0,0.14584331774197923,0.2703987815281518
0.055697458888607554,6,0.6879212271671351,0.07265056452485047,61.95086226167754,0.09336290225254767,0.45708560016236577
0.26401969691994215,6,0.2231907860975968,0.07364433371037782,352.86038928607735,0.007741217416943259,9.822515923024245
0.29031694797736135,2,1.5793369255610055,0.06495903752367344,0.0,0.048090711386071794,13.195176047505864
0.3126334969614381,1,1.1310778292393202,0.05098438611426596,403.04820292068763,0.19184241026612248,4.311711134917497
0.2746322004892442,7,0.4930326488194301,0.04508932684786401,1505.7250802138458,0.1124318216100005,1.589445307968548
0.2219613898516418,2,0.40170243210223266,0.01488067454847962,0.0,0.06168199290183451,2.3924196053099447
0.05844450584344719,7,0.5207860272220439,0.06022343369563509,0.0,0.14554504652510247,2.9626071894512926
0.2762108630996088,1,1.9071444476703174,0.06716995966892486,0.0,0.12929865072513386,0.2934454269006922
0.49085086265783695,6,0.3010816265290721,0.07384686553915436,692.0839863231707,0.028924232217755388,3.672590156909653
0.1986259331249881,3,1.6417066093893267,0.022058370958460475,612.0242867639406,0.03967094442088109,8.616453277550196
0.3046743436071486,7,0.1752134049009304,0.030526073524174534,574.0565433150482,0.10638610488633583,14.444379623549935
0.059272907642794234,5,1.2507952597608254,0.0653574760379901,1686.7731838988861,0.1889530880892035,1.2634748656552348
0.24715546766294455,7,0.5938250158308631,0.0658871859336504,0.0,0.020704865156136506,3.184008120044801
0.1444473973986677,6,0.712179347509494,0.013587154664099836,0.0,0.18144173214193823,6.6411443959579035
0.03671605385035707,5,0.9233183615228306,0.016385699766068358,0.0,0.04097327640263988,3.7066007446126736
0.32112624272288104,7,0.036399184302105425,0.06417424796195778,112.52581689413375,0.010070616428558336,0.8949630369545354
0.24484527934400524,2,1.0441471422746662,0.026472686646242086,1919.6618608047531,0.041997463453983835,0.6952851237022333
0.04254403819590312,1,1.0031283066412684,0.028943974389044513,0.0,0.17349059041146178,4.661970994704616
0.4254015660840803,2,1.147828617892525,0.0021739229035137165,0.0,0.1423442968652807,2.0901625679378797
0.4062179356356337,3,0.13298159034953305,0.07624372689278759,0.0,0.07702493125184293,0.0827681964145875
0.3661028769623666,2,1.221496989908619,0.057268001242144886,562.4878353782364,0.01000069655312277,0.19480516298838876
0.12831747181761588,2,0.9404607739974302,0.04241755254536801,0.0,0.12891375514800232,1.8460225922538096
0.3816281155966955,3,0.19811286843197595,0.025503868940044097,0.0,0.07973831290516689,0.29396729064365845
0.34947611298605924,6,1.3207066570853694,0.0666725470944246,1591.0513339770414,0.05847452841780668,3.3204963832080363
0.28119612124321824,5,0.9410829720919505,0.00745711407141588,0.0,0.023209036690926468,0.2669631055588802
0.4260769517189498,6,0.8432393958443702,0.03154753145868057,890.5694263670393,0.061838876861342665,2.2861682628071622
0.4125547872763418,1,1.699951534219191,0.07967928407568842,723.1478605275793,0.03799444059969714,0.2692834354697732
0.2822041466842719,1,1.0017298833217765,0.01853605265406867,478.5306624222968,0.13037000997746023,5.854886373515714
0.1161418575302823,1,0.37952711629202174,0.0741200495235377,0.0,0.09304445371584552,3.4928484799929262
0.4214183999088061,1,1.3924611870482875,0.01911430536622869,0.0,0.17429569163578468,0.2124053191394792
0.14603012645105345,3,0.5010168717716694,0.024896428746264635,1226.2182056388115,0.02999082293854431,1.4335664066594527
0.22217241575511526,1,0.5438590749149745,0.030728545174063378,1878.9263591774695,0.10631976633493513,0.18907796308366032
0.20533082407431189,5,1.348473123256398,0.026886271019379047,0.0,0.11657145729849838,3.7797536620503656
0.22626643855595452,3,0.5869571547180288,0.016917625603979723,0.0,0.01987125732997617,0.664564155633312
0.10134278511150013,6,0.6509379773532453,0.05345896135818751,1183.3114183276214,0.1917808505317143,0.3771667457764267
0.47980545553079995,6,0.8647648419125777,0.05134984870363492,318.3960461806603,0.08430279484931684,14.323056827448799
0.3046056683998635,4,0.8426796332220967,0.06832124243643675,176.09781050861278,0.12460393451907499,0.29203358439361937
0.47887533689015344,5,0.8090328062302634,0.02332110866754827,0.0,0.1069704590815475,0.28815925382027685
0.010653483350488088,2,1.3046924951662764,0.07292636810017751,0.0,0.16778837259546686,3.0654648119628627
0.32772796500168333,6,1.0728590917967156,0.0668289883343114,1285.8874181127544,0.10866502752349949,14.319026844206032
0.2612343685260406,5,1.3576927700577228,0.059796928278540315,0.0,0.046314200531828206,0.23370403664480488
0.0717968746648703,1,1.7751779814377167,0.045311257650487796,711.1056720006239,0.11471086721580263,3.4660846068042233
0.03478202737871508,3,0.49100362205494363,0.05212631423842016,945.6710849423324,0.1362219576607481,0.6739950283141528
0.09987398463613043,5,1.487730561776342,0.0685099278571842,0.0,0.07915728652420329,4.247851138780645
0.031729962357264566,1,1.6197432380826555,0.07873403880920618,1132.201902962469,0.05976111212610701,0.20110954974443018
0.3368150694786211,2,0.5216703256079527,0.0694262801731946,89.66462058182192,0.14520163604297934,0.4987691296024921
0.43759197696868696,2,0.5148224603934108,0.03051528656844871,0.0,0.07509522585869083,3.2951003308174913
0.09048919522310574,6,0.005214926785267471,0.050259154722978594,1097.5508349532847,0.1573875044844711,4.356937353019359
0.1239894283407228,1,1.798678818036806,0.07759404588527548,1539.908400212255,0.017677878263945693,0.37460625832789896
0.22136907363012095,4,0.7211699531764935,0.06979645050010465,1416.5201021171117,0.13148917044390718,2.1469410545126317
0.20821443090780647,1,1.8760562547289348,0.057919989929565006,1552.3053790485933,0.07480717213544659,2.3480431172721516
0.1470340894373432,4,0.7308122618031136,0.03763457981305931,0.0,0.06962988295494875,4.472653094903168
0.10022371130978058,1,1.902954505705187,0.05098238480984701,1414.5496347888047,0.04190877334433292,0.37135463808851654
0.2604158072193425,5,1.7579846155173002,0.0603746016694513,479.2523706297401,0.1674374893090072,4.413916623054598
0.4004866672138886,5,0.2856198515653392,0.016398395456347643,1142.450684386612,0.041571790181698244,7.759441474126463
0.21632498511488057,6,1.919856241167003,0.026803933675078592,1718.061501530801,0.08768569299871222,3.864856194196826
0.4573190303500547,6,0.01611657779107034,0.06069100671309694,1644.7554835948895,0.09166654683243995,3.4141214492194027
0.011770336941776947,4,1.7866832836552164,0.013757632147483436,0.0,0.16673577548050067,0.08273464237985213
0.49537695425080003,3,0.054985779263549306,0.005176026440319079,677.6881179412296,0.07004644804927228,0.2394417252869681
0.03547678139153715,2,0.8849418539870368,0.012436183372516584,538.5616273290743,0.06743457080433378,0.6204676356640753
0.05504958860121045,4,1.144535577728897,0.015368611135953794,116.94773372856385,0.19653027591650005,10.796394555340198
0.06453487475096258,6,1.062397588483023,0.05462236001553043,0.0,0.08808195100700493,6.674229477462513
0.14011244675074344,5,1.7431614505089654,0.0027057030057215403,0.0,0.15716228770313376,14.273326151740113
0.3543692363108211,7,1.0113314861687563,0.0025876230335118056,1130.8756624420755,0.13370041987149733,11.872766117204314
0.167020465883633,6,0.9899042674099832,0.07565903675218352,1474.5581314183291,0.010224300617421626,2.601461542558167
0.4646427106370353,2,1.9476037065659977,0.0031299843855775843,1994.959118603979,0.18854339275975193,3.6555356858382537
0.06990394053798935,4,0.5640847095793422,0.043818995545941916,0.0,0.18313512492212095,2.271542827500596
0.15835013160279707,7,0.37408537047742874,0.06918430469921366,0.0,0.07689232443285618,0.7011962354970342
0.14132440200575952,2,1.8487440927199268,0.05293765379141828,1448.7168288676128,0.027126087345445214,13.99893053632767
0.1805572781715075,5,1.0765054926895312,0.06490310831568319,0.0,0.160783038433481,1.3501123539516293
0.3819033558173065,4,0.06721932463001257,0.03175456408493267,1488.927099645881,0.06391398766388738,4.163246925404041
0.47740858130989283,7,0.9117651768482058,0.07626038845766674,333.20409469887045,0.006926376676863266,10.267497498807476
0.2735405333431608,3,1.1848863708181525,0.007972865987961032,830.8120992831134,0.1280119460940008,9.232884884198363
0.38922327783471883,6,0.5907540076812321,0.001711107734006383,380.9411619700758,0.002902079043465648,0.14046352994552283
0.2167825729144043,6,0.11647556542135651,0.01249418643527898,0.0,0.13699981032644815,2.1170083972426683
0.03813750490710006,5,0.37339796975434547,0.01587205833965731,1008.6460224386449,0.004668407730447647,0.2077327647235486
0.34502803982016417,2,0.6184970352502828,0.07085980269750658,0.0,0.14949190618014357,14.998167193626777
0.2714050766519724,1,0.21971951410546686,0.03397467933575683,0.0,0.007678277147802976,1.8418878416791824
0.42410257651265193,6,1.7474183507849717,0.06315640712257348,1238.1587742183783,0.010619441931440498,9.178420616797142
0.28429555996498207,6,0.28715492689719047,0.05288216465874937,1703.4521164429013,0.1506134512968244,3.2578491270439347
0.34725948848032384,5,0.20884489231781633,0.03632496037787046,793.6071049845776,0.0378683669638492,2.019007641022025
0.2546401805778877,1,1.363593622568773,0.03595855721483424,0.0,0.0012822258066491766,3.1579485197388846
0.48630399274010006,5,1.4467172234376258,0.030535064459919676,0.0,0.17071408006390998,0.11471563753623724
0.01764764396107783,2,0.9424733745832954,0.07010816904217533,0.0,0.05769681598531126,13.615642842499565
0.09037957406744236,7,1.8000591410694353,0.0740849651614114,1250.2305640958732,0.02658064556329759,0.7518013718658199
0.44379656452288424,2,1.8824390574913148,0.06796141329541425,1048.9552489479156,0.15809824136427555,0.29941479005143445
0.49208450219529737,7,0.9731333672158766,0.06905047326712513,0.0,0.0733477024796669,10.712133246024962
0.24158047223072834,7,1.8937347949919296,0.023337910974428874,0.0,0.02669814440920053,12.119037424413051
0.37341383547186346,3,1.1625859510112968,0.06059809274078681,0.0,0.17817252745580958,9.942743614061246
0.4690993088660099,3,0.30268251738306606,0.06282653529110271,0.0,0.03867741694591703,0.2917385999883544
0.3956577604552795,2,1.7980474544267329,0.008176905193649801,0.0,0.17254170916312264,1.2617225480267522
0.2602280071939179,7,0.4383231074759304,0.05766017746221075,244.3401464331091,0.18515195615074317,1.625920191785938
0.1110829893854581,2,0.37192644811626363,0.07276204474898637,369.10159058945123,0.17436289606023353,0.8639138562444773
0.3318429301919629,1,1.8767574741681219,0.05106972236564863,0.0,0.0904465515763082,6.307203189500964
0.169611141000712,2,0.5538033794818753,0.019911870815455358,0.0,0.039358110055520874,1.9764656412881978
0.4119690573732899,2,0.929254141737089,0.0010926269140863988,158.88453070912504,0.1955669788626561,2.705501644864049
0.05242780550788163,6,1.517527501403755,0.015257380240379623,1637.7112518465926,0.15388130775161696,13.793234248697198
0.4694642300581404,1,0.21470794929219927,0.05577757286468715,0.0,0.18530300370684658,0.1501517537751243
0.15553991211730003,6,0.5246317003310692,0.017802382599910863,215.2809728868776,0.14858015795472435,1.6286185962540338
0.133888553750929,4,1.987378385099338,0.010021407530597212,438.9443984741108,0.0532394185416072,4.899504729645772
0.30147919571688125,5,0.023253202570733267,0.07727223934926487,1606.4568296709438,0.026313619748218393,1.721572983594459
0.15291279754545914,2,0.5460776657724951,0.07267958939626355,877.103437782083,0.17010085673793218,4.178594050299324
0.06991369783346124,3,1.3053780786818514,0.00970437636521309,0.0,0.05018777417430901,8.971524999429203
0.30350514440920295,2,0.9809190503149758,0.005929533950876645,0.0,0.09427797183747058,1.1159614386132246
0.3469247001711595,1,1.343535920912725,0.03451559938464083,0.0,0.02146122453715994,1.494658144702782
0.02376982497264566,4,1.0242077109275984,0.022324822174394923,0.0,0.08582990034465245,0.35852300084200817
0.2335576215861344,3,0.292751877336314,0.011181732887479558,1970.7690082674203,0.0201538660643074,4.412566024420494
0.045413286005066104,3,1.019026540581673,0.04086439097420381,1518.3698913408698,0.18283339934687848,7.538775483056547
0.17233541695895993,5,1.5974982979040016,0.0205691730403316,947.1291659680044,0.15670588540483849,3.3943037759145307
0.4422840817904836,3,0.4580028514060688,0.01608625502350975,564.7351366344055,0.05691446954202318,1.1274724721748828
0.2585636937673878,7,0.20699500718713537,0.020280495114001172,1356.3880960593442,0.0036753647526998347,0.3509335150335825
0.38455560925566135,1,1.3667215897467255,0.057939262945073004,1533.3309014011254,0.010600580504171796,1.7286050828845494
0.199204900415309,1,0.5097639128223672,0.06509023041783842,1684.3908724838961,0.10363150148643493,4.648304747965033
0.02776363558224948,2,0.46163557037556324,0.06789890622031743,0.0,0.11646357377441756,9.735396468988906
0.3758176701636625,4,0.6693145742490023,0.030329912856417732,465.3755138635232,0.02164613549049498,3.856649537715232
0.3167778726175046,6,0.369890674423464,0.0031146965831496945,0.0,0.16648233017460748,2.1113838585202016
0.448171740942721,7,1.3928844180751154,0.024782365331823694,706.9819813533479,0.1243194752254551,4.6274969531398025
0.3926880307038045,5,0.5576751671552167,0.0074793889267191814,0.0,0.04850703357031787,5.781096887511562
0.21943340889197763,7,0.37955778686244845,0.06805662333827985,219.14938161553752,0.02429187169397714,0.8365246518158779
0.45941596321079187,3,0.803840373985353,0.05172778270419763,0.0,0.05540339970464195,4.700758445160957
0.027141118022915245,4,0.8920746553350578,0.017821931221457376,1386.8748805400244,0.1373529307958584,0.45258738731042136
0.17567221608029657,7,1.7913384252757862,0.06317696073684392,0.0,0.12033757653138383,0.5414255032578934
0.10810825853644637,2,0.7935018515992034,0.008289503013197325,1123.0896672001204,0.13850006891368521,4.28722804246327
0.07495900763911599,1,0.2056171234717079,0.0061989832108599605,419.22806107822436,0.07288731601416108,9.243381397962757
0.4586887615253024,2,0.4230019211595746,0.022960248440735888,1030.4928557908747,0.05453377231763876,1.4075214569037302
0.04645388602445059,7,0.7767337553430951,0.0477128021267717,1964.140778502744,0.16638579706396245,7.543400875776042
0.38853794734967123,2,0.20803450359020426,0.045897803869406076,1906.8627065607009,0.08907159052568016,3.087367823285248
0.09661251225951413,3,0.4335154226439699,0.046841123398486374,0.0,0.13182121485943799,0.060256195252068614
0.05883396483831184,3,0.9773723902522946,0.006201416783438863,0.0,0.06487356586232464,3.1727184973637192
0.43303910121629974,6,1.0479484053714279,0.010789987712643816,0.0,0.031408356054338366,0.8312821769015675
0.10295121877656287,7,1.8679907333533474,0.008833151573955575,1361.1922725113725,0.13629561995739456,1.9865529129424637
0.2788516688232045,7,0.44699750870928856,0.06777675900587109,1653.94523688127,0.08179649470145563,12.704893585012963
0.483315600505161,5,0.899042345191406,0.04398442074981558,634.8304445302807,0.03718357225198915,1.5996525283746803
0.2686435166547554,5,0.3596962968183983,0.02779178894002711,334.8768645575179,0.12684777813190412,1.0433225871904392
0.16972973144671796,4,0.884121420788446,0.0502908437255762,0.0,0.19406272844029307,1.6259319823027236
0.36484325495664016,5,0.5632012204705028,0.0015903926957824323,1915.3711071462499,0.07886409422598217,4.860057727013171
0.3503577296970969,3,1.0505226934358776,0.056155880078440426,898.1437842943807,0.0818008071122795,4.221157590350875
0.08659543848562655,2,1.5659692991520584,0.02373650313359197,536.2370062680689,0.16357969278100482,0.41983992068798226
0.3053376022487249,4,0.2120543799107577,0.0750588257804506,0.0,0.15019880852814077,0.24962902742178728
0.0959515329111514,1,1.3249937463685568,0.029698211820594445,744.6840935207883,0.1350763786055129,3.6074868817984016
0.06584137086549462,5,0.9878452908990911,0.060481326597214564,607.0152979002077,0.05043092513805368,1.0320717907681847
0.19128358225887604,6,0.12110451248252119,0.05494569727938368,731.3789697528867,0.1413326068045536,2.6116022564174286
0.26054902639395194,6,1.1808074513078124,0.004806812577818516,957.6059926706301,0.18537982304572156,0.14635244594859517
0.06095782945353445,7,1.5132049965877092,0.06659915795355588,1233.3212863817798,0.17228498331822886,0.08040082683167604
0.05536227285552839,2,1.3656552891370919,0.0717925575353887,0.0,0.1890329162167758,0.19406879298466145
0.0747282168470827,7,1.6308589880231366,0.07346946518000984,1954.4006520354917,0.04404946506308788,0.27473077755861836
0.4162284312238828,7,0.5157400070960172,0.0075377902998005905,0.0,0.17516225547828707,3.0285414635064187
0.222356615576321,3,0.46606610670048054,0.07438408690461783,85.5003410512372,0.026585053065181434,2.574299813509322
0.35711151896706933,3,0.13918369479261794,0.012290521631461333,1461.790999082239,0.113438536012316,4.497466166161799
0.3856819336784064,7,0.47386669834349004,0.028426891948412154,0.0,0.05402550450765246,3.658349797927791
0.029014216775163117,2,1.9174865938168746,0.022172849107535583,808.1504819747352,0.024700911464261767,0.10355871256781454
0.13244766548500872,5,1.1017907515391394,0.03285675167226706,1962.8560048376069,0.12937553782642874,10.987351128290642
0.3479961157910498,1,0.0034496442196814137,0.007813305450089833,0.0,0.14127448488200442,0.450515629235138
0.46501710149273956,3,1.1654476812344983,0.011936891837053487,1772.0728597949235,0.09376208844360502,0.47537505284030546
0.44231208661459237,1,1.517347769373562,0.007806333566101556,0.0,0.15089404644744342,4.979971691328061
0.05765456576921088,7,0.8591332656142572,0.04270211149880301,634.398943455401,0.05850919545644633,1.748925437647859
0.41761427633587045,1,0.8632310347446983,0.06626583749134742,1667.1090211845026,0.14620767435306675,0.4759743637027479
0.039782772628407674,3,0.9100652382439889,0.0022377517820287188,0.0,0.1543171238168707,11.987547888825418
0.3491680694364337,6,0.3741136720527607,0.03912139042772754,1159.49156583442,0.17874811112161754,3.60203052034672
0.33712754256623156,2,1.475669677396697,0.043031286638800945,0.0,0.19561724775124056,4.241258784801856
0.029720968352219983,7,0.43449314496176084,0.005210979093671675,1523.954594797855,0.16291356873656432,0.26557938153885174
0.35536973678349487,3,0.8559723444251823,0.009776926686829387,0.0,0.08736119397493873,4.517737818184577
0.4044967962858038,6,0.408892734131326,0.01909606437591828,0.0,0.07963467259102971,2.4711430241051136
0.3902272152874452,3,1.3807551432628469,0.07476145747234918,121.74776237957607,0.07619924251377207,14.5860855004442
0.19138004426182487,7,1.9738073328705112,0.07095459170537376,0.0,0.07494558234159447,1.1858311401704662
0.07766099173498443,5,1.4809293018894605,0.035270487809486405,1628.5219220450444,0.1572987974369241,0.6690779863007457
0.2512056391256828,7,0.6491573183305583,0.014631012071724214,0.0,0.18907076036375856,5.4490949650873155
0.0836694786185656,2,0.8438111124386409,0.06762304864161038,1553.9435691401206,0.15870499701102994,0.056151163163236824
0.40248307555752055,3,1.9665152219231397,0.026306643750495226,1694.238326166186,0.19045962524114493,3.468185721764667
0.4297263776714542,6,0.34623005185768974,0.02063766717270388,1561.7086945179624,0.08157454209139373,14.382545777151707
0.01608076037947817,5,1.0463560196790014,0.07393901606513063,1695.5756830479827,0.13492881109164742,0.6603340792556269
0.4684710134106768,7,1.1024826362452353,0.016533835023126064,0.0,0.11977897817989824,14.203763503214917
0.15107389315476666,3,0.608140569560514,0.0006843816094536148,220.4937601126028,0.12652024461011277,2.87010211516858
0.4640892942008089,5,1.9670410420506033,0.019403157861263988,642.124609188322,0.17984649660849542,1.4336479744541188
0.13844421471825988,3,0.08100137296383902,0.049013482379158355,903.7090859858084,0.11136155363558926,3.2472777831881863
0.12013251645282154,5,1.256558918130427,0.05872855847049013,1940.022154393174,0.04026037343469663,10.383394903500163
0.3392585088425069,6,1.266567027279376,0.014658457499372446,0.0,0.06960727726658983,1.3299507751856137
0.25116109786905083,2,1.7945931770665893,0.0016864528342829567,1842.8877210888948,0.07135609629012757,2.489466857935005
0.3310639174424086,1,1.6075213897609595,0.07090653265978926,0.0,0.1674418209969748,1.7321927867879936
0.4928734747922924,2,0.9932476281263427,0.043540312748069035,1779.116447132729,0.03472387506879947,4.870833023428455
0.19245948613201533,5,0.821883666441295,0.04816429383416361,133.42739791839858,0.19997864067430482,0.7769419110945328
0.42763835564000247,2,1.9708747687393204,0.02723605564348846,0.0,0.18128508674012714,1.4669202823211056
0.44565715893095736,3,0.09916994104800447,0.04351788631811835,1398.4917389001046,0.016428750910225335,6.394034420115046
0.21514566059631762,5,0.1610331171830237,0.04494382821297104,0.0,0.08296776122437738,0.22045611797678696
0.029566772740148538,1,0.21058571651189006,0.019155207472031536,0.0,0.07173686641087341,0.14488653960669579
0.3121976683339488,5,0.7814051013762187,0.0612863999294577,0.0,0.069854480181483,3.868515435518045
0.45208794040478334,7,0.11009592598842888,0.022564820070764675,1818.0321203641704,0.19180085417595852,0.49534100544740245
0.16802363699477996,1,1.5143332508250393,0.008274813331900983,0.0,0.07943992046211773,0.26260845424503043
0.2409703962937304,5,1.876674405242918,0.0010038559351127142,652.955086232187,0.07556616962347074,2.420559365785338
0.2623371546412316,3,0.7216136524915024,0.06610873681400033,1071.2039478771421,0.19650702405236786,0.2593400907016519
0.3892902364035969,5,1.1761095316936312,0.018352959298768505,702.9696184236133,0.18399221369984373,1.751808545187362
0.24173418558832577,7,0.833263700238823,0.02829102905120883,1219.2982809344842,0.11376682329628277,1.8848728247351911
0.07194885130596373,5,1.3122900851187165,0.07869286433279886,913.0798080728199,0.11076590433070094,0.21880648225213226
0.23461847598495908,2,1.5172971854848945,0.04811412681798406,0.0,0.03821988255283876,3.5591183193160933
0.13888852155166623,1,0.8230232057984208,0.014707658151143823,1088.084696708421,0.17061873661710955,2.0087974268576176
0.49291483553027915,1,0.2813908477214926,0.017573974239576594,132.81827545240213,0.0930442630902818,4.007013193937691
0.18392156259972847,6,0.3615398386018063,0.047278934797450795,0.0,0.14703893281480243,13.191386377516322
0.2822947349529476,3,1.315645319745391,0.017053136191352652,0.0,0.08366329256379088,0.0781358573085467
0.15814009930371783,1,0.1780322494677924,0.021739081318758534,1713.202498447977,0.15599963637541178,2.812849306351905
0.3572651017146868,2,1.6826167029994037,0.05417520751814284,1095.075186601689,0.17716056785802337,2.2151644401247284
0.39104485914206766,6,0.6259754283609094,0.04700451215887028,324.6168764906733,0.08930811617828677,0.754711095224594
0.41826489065265854,3,1.311897421676784,0.00958725292329631,1569.4461166919605,0.03895890447745476,3.211848145785357
0.10042217486095562,7,1.7273929180053844,0.02510550242617293,0.0,0.1506149085008706,0.1559655140804554
0.19394365811907485,6,1.5739801667696505,0.026741069982336736,1249.0746673137844,0.1646503392486737,1.4829721024490616
0.2757809630523712,6,0.692787136100218,0.07192711679684745,106.74783007980434,0.005596835011425178,2.6791387530350974
0.22706585394159595,1,1.5780097691213892,0.026417218012802196,317.35121674494087,0.10815671935587849,0.28992778667511254
0.32787372127590375,7,0.39808861164070475,0.07005300991276109,0.0,0.1256827180277917,0.4437737243417855
0.035235146738078815,7,1.5300863799409794,0.0324100858669488,1073.1797053054183,0.005427820033339861,0.9960480892455472
0.396796020396343,7,0.6117162159896847,0.003890197730822216,1584.3402123026267,0.19161584341563764,0.2143057648045904
0.42362882541248265,7,0.3854870144247369,0.02420031682811293,0.0,0.07721043520179835,0.3326790382063225
0.49730750106807375,2,1.1687028339642258,0.029568435295621507,0.0,0.13404909529309766,1.6480192700210032
0.20557453417601515,4,0.11205826649782735,0.03269261457678689,0.0,0.11054800142371765,2.9012108068644253
0.07580551255364147,1,1.7890424870998698,0.01519972073618276,0.0,0.12308506159854395,0.19664687592459087
0.13304502054131298,5,0.5486947723107134,0.05588571881045862,0.0,0.02249703855227255,2.999721570774805
0.062260984118548406,5,0.32111562152634043,0.05413893589439093,86.00851454181013,0.013333032161914355,13.688707955393863
0.18506275177806214,1,0.6748294173728684,0.05247338819855788,533.0740572596096,0.1711915527232862,14.020025994699015
0.4765178916732633,3,0.8196921974204838,0.0393350228827017,637.7268359635058,0.03269307717387779,0.41868746665535017
0.3831279863017479,5,0.05005020312773323,0.045651534603603584,83.90804870459613,0.08163123865639126,8.53154402282538
0.23477712385811803,7,0.3986477179011476,0.005220415130000476,1743.5074153641185,0.09494348910132262,4.261128663280262
0.3718941540767396,4,1.3180682661666474,0.05887971906644115,1921.5166035806953,0.1938246579340772,2.2312024243935644
0.07524503318858697,2,1.549699693068198,0.05918573074924772,220.28837648901478,0.18529018801059685,2.1350020186231893
0.3184880236326981,7,0.3759677441520677,0.04326876630600622,0.0,0.19488322364650743,4.593492372241023
0.12052145833577589,5,1.6185625287428664,0.07522787021361534,0.0,0.01516418297387168,1.8063386736981546
0.41574693675494373,5,0.6863527740646624,0.05406278029369852,0.0,0.026323044477007205,0.49815719058620844
0.1996676166147748,4,0.8934431119797472,0.02901893183779869,0.0,0.10489695214604301,0.5059394104294835
0.1608924167543467,6,1.6474688260771058,0.01691778250447034,995.4993754644593,0.17820999498223458,4.691731520250717
0.23088991078998852,5,1.6208038817179666,0.034216093665539085,897.4746190000841,0.08412950270780097,1.2867661195979503
0.17590712625137106,7,0.7182198859351943,0.018429985789281924,1606.4330651047983,0.15753599918236247,4.949421826524178
0.30098863870584236,7,0.13439419620542625,0.05716333611600041,742.1837604230025,0.17864285301563546,3.4059422781182156
0.11269345614978553,7,1.175867466068529,0.06738854301747056,0.0,0.11551958029938662,0.35439906504874985
0.3686642407928289,4,1.8471872609226547,0.05928630436342368,0.0,0.15290447159529927,0.2774666140624358
0.13266393622998982,4,1.476783273872115,0.0619372446533087,94.2393422557727,0.18627343353512782,0.6538795246453497
0.41122812061491776,1,0.5630918678525267,0.005895300189634778,1013.2705251495671,0.018019378997645497,7.788331728178167
0.10976533070998086,1,1.1291429172142227,0.00592451875976292,1796.6997179924094,0.03844614757337865,2.2825488427324374
0.29724814864835014,6,0.789078416484851,0.005532227254221089,0.0,0.038826997107369116,0.6316794912529948
0.15304568582580597,1,1.0131076317628354,0.0026124027675362084,0.0,0.05225597740425387,3.827980169307468
0.3064515000556362,2,1.5636803823459755,0.019694988596900238,681.246616954396,0.1023226667127221,3.1499712734133225
0.2923774907090102,7,1.0702135600012068,0.040920669181251104,0.0,0.187224166474329,1.0741605767931972
0.22202540816700947,6,1.1639207080383849,0.0727198395498249,0.0,0.18538920451148205,4.606971781552501
0.4184013298232237,5,0.7337367885724588,0.060866482401556045,442.1128023917896,0.025760252004535446,1.1189845016381286
0.4991517983399936,1,1.0231123930386243,0.050324775250013776,0.0,0.08427966209276737,0.23389608642785858
0.34001000764145983,5,1.744819353753913,0.026605036192561455,0.0,0.16250017945508283,1.588187670442618
0.2728611154606942,7,1.8777195528713155,0.04858656727365032,0.0,0.10092754207476005,11.714966700324617
0.4228015172883416,4,1.999610288267603,0.03943939432836254,0.0,0.03340646848053985,0.29264410041161104
0.27684032482952875,5,0.7219429119725436,0.01165216728514852,0.0,0.09159760512766132,2.7986414707019187
0.2775667502939166,7,0.90545085325988,0.06346758622887808,1352.1242491371445,0.17110089091282027,10.799833204520839
0.1263597645391454,6,1.0937337988362565,0.07977385023288934,136.58480793175914,0.1594906932257813,1.1915426682570285
0.43263470505107876,5,1.8415347797170665,0.03534371923540844,1116.641908160115,0.052068733979130345,4.810606479005665
0.3871221137277921,3,0.34286440894943615,0.07875050500948827,1741.3237341691192,0.16990174086709983,3.6800946880724457
0.10444848510222901,1,1.395952094679841,0.029676371712721642,0.0,0.18500484823327212,0.28520454976081056
0.1638638833840207,2,1.3087867296611495,0.03900018228962239,0.0,0.1294429248035158,5.412697473746219
0.4602378993827211,7,1.8068004817860468,0.018490469088479847,0.0,0.012037673755744823,14.732870499391822
0.15823800519030923,3,0.3171960116760846,0.051334920637983984,1186.0718267297739,0.029518697218846528,2.0979264486343543
0.25287405857719325,7,1.260568078992686,0.0431660503649649,0.0,0.14881813276470945,0.04494859967990542
0.23107227898130242,7,0.47265203521891586,0.03507047177127452,0.0,0.03117051694816473,0.14267976128098148
0.059008864111917914,2,1.5065942410981639,0.05566908932789594,762.1730625112714,0.07574173757199734,0.8479160909719454
0.34432967680486,6,1.8635770861023482,0.041838984655336774,0.0,0.06915749860861935,0.21468388650547912
0.3382639076590483,6,1.7349019107777204,0.03792513735244097,462.40695003628286,0.11138365881660764,0.24019353404511123
0.28925281135695274,2,0.451956769310367,0.051157475159368304,830.2836612048903,0.1189775489735521,1.8656789384820236
0.28394003100497334,7,0.053386317173708564,0.03726973831261403,0.0,0.038094677399554105,4.397850118695113
0.44257478280235757,2,0.25603213040687267,0.03797165786207108,919.5517219051183,0.014827878125777946,2.6102427954836713
0.13819393587243017,5,1.6543734284906435,0.05364640406615483,161.50032633401972,0.11979582917757213,0.6605348736223957
0.26162581768711696,6,0.7077414868964726,0.017865203781920417,1904.2774018882724,0.04221558123636779,3.840714001655343
0.25407905304867257,6,1.8222715402601668,0.0023194195999183885,265.1528089591458,0.006469553771044819,1.7120564557749693
0.4114661935500127,2,0.22892913194908826,0.00959072572679096,208.74904180250263,0.13799584790239003,0.04653711108856077
0.03922239757924419,2,0.2273025226233667,0.05638274347581815,1911.0382704307415,0.04298288865262818,3.562496814400168
0.13125918745565535,1,0.8622129746910747,0.07743101199475348,664.659201964145,0.1470381141709075,1.065717085031043
0.24292657515326804,3,0.09469995465367886,0.015678297799333416,1582.9251232161082,0.03468027189113601,0.3821664694581476
0.15952758196327196,7,1.8527386741983587,0.006791604356024292,0.0,0.15378187021774037,3.0182672405954025
0.09144549791641798,4,1.5494471866091204,0.0411085887415298,0.0,0.1350297889669497,2.7988356423370906
0.11491695927233841,7,0.0916673686974232,0.01626272682752888,679.1242962617076,0.1648266709332266,4.512112510811493
0.2858363034375068,5,0.40443017491794664,0.04343599503584902,1067.5635750094975,0.087381202445187,0.2594630988236421
0.20659526557855115,1,1.9901900852263623,0.01422025628924291,283.4686522997929,0.18691305177335568,4.452529190195203
0.14870745523268467,6,1.0788530291524727,0.068856162603372,0.0,0.048848667171505954,4.396286639389739
0.47005282438457785,7,1.9430420541643125,0.0371889221703659,433.3444996761774,0.18102304699587493,0.28629250511190596
0.21729567320308726,3,1.2393283032394173,0.07338895880522213,251.90996530792873,0.09210491636684037,3.0994609822970314
0.2249427553594808,5,1.7847204505502838,0.03327461096259369,1828.5322979949703,0.1428086086438314,0.7960560890739137
0.40675149915968795,1,0.7249265204598527,0.01215248407911517,0.0,0.11694184927747102,3.2477842858835926
0.483757593799869,2,1.5659767145314718,0.014462076387258146,1301.3872373873453,0.13412137671036437,10.738240691889402
0.23834172203297632,7,0.6348322674327704,0.012440989126322943,0.0,0.1479325659389483,2.342179071176751
0.2040034495150782,6,0.7242975669604736,0.06018487765387648,0.0,0.09771468619940712,3.4275865599920574
0.18450818938733443,2,0.5903120776436772,0.04922409406186813,0.0,0.07941784444733559,0.8925086247877524
0.3720106720262133,5,1.7813571912109416,0.05730648218053563,729.5863096716025,0.16676655070564417,3.6112390034675834
0.16965944147404946,4,1.3834914252218011,0.0052137596717765616,730.5307106276072,0.16653671174436865,3.347468335385924
0.49195948807232254,5,1.3076767796332525,0.0060871497079661024,1865.888280398851,0.17022219474391226,0.49689324300736204
0.3523761926149008,7,1.0747908504667294,0.022317234975864072,0.0,0.14801085777808895,0.20904450845668932
0.2096918462752861,4,1.5654714207203837,0.059692040306143036,0.0,0.17860977239973616,0.2900944469079889
0.32570119669861164,1,0.6834047582183964,0.02215916603097674,0.0,0.12813667352881392,0.45904453447923654
0.23839611722034315,2,1.669475909553935,0.0026506769754568718,0.0,0.09446002292413576,0.3617761345835293
0.20289507288726397,7,0.30423280601767955,0.011350812744993152,93.22322398669293,0.03424765761404765,11.282565938100042
0.23082688909729834,2,0.9772877941975169,0.051536438547255384,793.6048433884544,0.15327285039322494,4.671554508162862
0.205205061073121,6,1.066280527221292,0.03824855568959975,1165.293456693654,0.1974120204134202,7.646983777110066
0.3656206957334371,5,0.008050557707941497,0.03213161417696335,0.0,0.12525569700696043,2.693874066822499
0.029854567465438284,1,0.7950446582144317,0.03387333674450175,474.6924500241396,0.13897916041976735,4.651023619326365
0.3594504916910969,1,1.8836425379294535,0.052444655793387904,0.0,0.051097148392223554,4.540239858206387
0.0833028515123036,5,0.5826056174103007,0.06468689355432783,883.6130503889244,0.07364508016700064,10.29482882379394
0.3453800337469666,7,0.23380628456009678,0.039918981101984,1322.9951461251837,0.04719762714850668,4.348536635048309
0.09705139484789106,6,0.6200037055646106,0.059831380322086666,1771.7572889026194,0.06216717112160493,3.888268698483998
0.08422623538467951,4,0.8008904529037697,0.01042920193415128,0.0,0.15844077773092358,2.504304850043791
0.05499832084902861,4,1.1303950423555023,0.048914738939157924,0.0,0.17303090381994785,3.2677302448785417
0.4897649631749531,7,0.13394753224714817,0.06940105941612697,0.0,0.07371351318599485,4.806881678498985
0.4503828670921293,6,1.7246104731533412,0.012610882866638447,1214.4438737421374,0.09205153606730901,2.6051643328143728
0.16259371940176778,2,0.022441779954925023,0.0161152103937893,1011.0088980039975,0.11500033478940368,0.45033773611650885
0.1233195068280653,1,0.45624480664065636,0.0735697362112807,1548.7629692560363,0.0760302352786663,12.894079523393899
0.3777927076285874,2,1.7965181673496489,0.050390696293695955,1681.069497706245,0.011893187546077447,3.2616791683230955
0.044058820292444685,6,0.3683609229692528,0.0705802498674078,0.0,0.0781084988099421,2.6995943391855843
0.0537477273767832,2,1.2281299694547967,0.05781197618886852,1639.3942818310893,0.17085649536370504,0.19133556382402991
0.3466900349763048,1,1.4112070827286831,0.028614167304461934,1259.9140548003809,0.0924990086416974,0.1726642267587305
0.31426358281412,5,1.7124880833832405,0.0768480648010017,760.5181734951564,0.18778146284315078,4.29950097139702
0.38526762897813455,1,1.1169438433453767,0.06294336806901225,254.98230321217355,0.07191852874235585,0.656252906421435
0.3484014480739052,4,0.11389589739689643,0.029946045169028306,1237.785213315929,0.002291414756012445,8.639388834040428
0.4255663852625495,3,1.5801106114751018,0.01832200634334418,0.0,0.05445767877220944,13.541964448055595
0.4658103983206002,1,0.912696482140495,0.016434739985174803,0.0,0.031184886824968727,4.639849352886391
0.49598105432242545,2,0.8315778031545062,0.02399931764429689,0.0,0.14911190691953868,3.518265830354254
0.3253805561786141,7,0.04468986753258242,0.06469723175083518,648.3343548701058,0.021284449449333446,0.19396735924373332
0.40432116173580085,5,0.5904564991109276,0.05914121205806781,445.5395484573265,0.06172873090702081,1.339348233950945
0.46512880638935833,4,0.4665086436450969,0.041198592295664464,0.0,0.03167705387544295,4.432582574533251
0.2895708989254864,5,0.8874707251172091,0.0527773858111941,245.02414169528598,0.09697301543782917,0.26478634896214626
0.13360711113890983,1,0.7965128183140231,0.016510939379854463,265.9490843728119,0.05848137354299466,0.216384946894628
0.06449612175108553,7,1.2176041849969923,0.005237148171811681,0.0,0.0017176807851858379,2.414368221982233
0.07224017719528104,1,1.6859448040971263,0.059752292428441864,0.0,0.06892053885748879,10.941593578796514
0.4025662426775671,2,0.4201058403586104,0.06271335430772387,1377.9069619629392,0.11097428178400959,3.810638773878142
0.1423012157493857,1,1.9947323630994076,0.07843673366836619,937.6075273018103,0.09296086961764873,2.8912923814834497
0.14405629122904168,2,1.6110062225197266,0.05848607053876388,681.6812843133958,0.12213736603438488,13.837774582085865
0.06316418908451482,4,1.763112522136002,0.009016934619912717,429.0196928689666,0.17234996315230072,3.3504365305031976
0.09112612239182348,1,1.5050373211407242,0.036840732792654304,0.0,0.17957045414818498,1.6205898294804686
0.47020674208462343,7,1.2050226751063107,0.05121051323127378,0.0,0.08087212965771466,0.39131577896974623
0.42017875587656217,3,1.4582065671897524,0.02015266122939372,0.0,0.19664929569237027,0.20689419483018578
0.1575327184279547,3,1.1944879366441687,0.057384672986680665,0.0,0.17484524446503308,1.1491397108501484
0.3149227741604444,7,0.11078146004187839,0.049308505887921995,435.64687385416096,0.16404988359563244,13.130869641138197
0.15950350320392026,1,0.5550575839700571,0.06915421028176827,0.0,0.041049379020076625,1.2310273753009917
0.4930439221345582,7,1.5779543757045875,0.07440214703105298,0.0,0.047165012011753986,6.772361977723534
0.34429234111252616,4,1.307084293413068,0.023278040459909236,1229.8103869861568,0.025245983159543267,0.5537223497938213
0.25559326817359884,3,0.23848982263852236,0.03272608276528764,0.0,0.04300012196410327,2.3837233355236176
0.031704761188526276,3,0.9229915969026721,0.07503936533814926,0.0,0.007922211190888076,3.1814763695105444
0.26182138452170595,4,0.03943946440862511,0.06062496255136928,0.0,0.14790514322712767,0.8190856504932877
0.3860782807437284,1,1.075465141566402,0.06856673422513844,0.0,0.15133688090655098,0.7178868761476174
0.20861773864891062,2,1.5685894095774529,0.07381559871634938,0.0,0.10174409516496805,1.6568681983311568
0.3780061511534282,7,1.8983677689455365,0.02789450311879733,0.0,0.10846031105996168,3.5550720253744847
0.30993369297542056,3,1.281942648244275,0.004848828569425079,0.0,0.008545471870653033,4.2163404545253425
0.1634107529821625,3,1.9254738227945134,0.012251846693100595,1326.6179671158445,0.0913915824837331,11.944797419533927
0.18087143527993746,2,1.1035801271589913,0.005120006620190951,0.0,0.03703505975928027,3.27105409541056
0.27987520592235493,4,0.16690423147558686,0.06171518152754886,0.0,0.1438649659428249,8.469689983700185
0.060010274717535145,4,1.2854838008028502,0.0026557188884375905,242.95698828874308,0.13684571848756708,2.2639150080813204
0.32650775055245973,4,0.6496456302783795,0.06312721212771308,0.0,0.05196531122852457,10.484734211753963
0.14972658148342555,2,1.622032220525312,0.012574597728669881,0.0,0.07383666497619008,6.317866686341103
0.06989475449871778,5,1.2383187454404017,0.06566749308629509,0.0,0.14022729873327064,0.3572023912988107
0.4806142789298929,1,0.6225995456380178,0.0466297257622841,721.524211288842,0.13318753645088738,12.26558787224262
0.3584011316250996,6,1.8706845627938107,0.00518989102680858,0.0,0.014636671531800639,12.925871600335686
0.29157461460470113,5,1.627604354520326,0.0650258715735196,1533.26348217715,0.03719425893216589,0.4355160160405017
0.2540927342449378,5,0.2553332699646107,0.06420386427156637,1808.0919711092324,0.09959884105000134,13.91868204381326
0.29246532966502464,5,0.9251663732988944,0.0483392771277679,0.0,0.06037979345210626,0.045322832864180346
0.14656047860838456,4,0.8883181446250006,0.014149056967513252,357.99542622244786,0.18092857310725893,0.16695906515547507
0.42694409785398985,5,0.04799189160014605,0.03956690009621166,0.0,0.19708359901877484,1.654396779249403
0.2862216629783327,6,1.9476805299504294,0.04047338719685557,0.0,0.010428765878154053,13.733650895587177
0.23461556240309905,6,1.0698095683795898,0.036747709706187306,377.3638571115503,0.002923587071346285,0.13498457577886336
0.026309919139093904,1,0.7632221477343208,0.023034924376298786,0.0,0.07036963892494004,2.374688663122744
0.07517197028395234,1,1.8677340797026396,0.0029881307852650265,1716.1247726388556,0.11800687542569936,2.2895651081526545
0.3433301580770015,6,1.0603495395342464,0.03051752511950661,0.0,0.19638162478300303,3.316090278295539
0.25016314205493234,5,0.26124793373858357,0.07471633054361904,0.0,0.0416763511783417,0.46851699037129757
0.3802999254645315,4,0.6796854302996136,0.04675932338017813,0.0,0.0063435388527943205,0.9765785127865003
0.3133884120847251,6,1.7799949651622642,0.07425057488123551,0.0,0.08534772093968507,0.44328117985457816
0.0857403542226361,2,0.08372559144179981,0.07912363312729215,0.0,0.05837994413114249,1.1448425435644634
0.07607471763417467,5,0.06279925962548227,0.029673874008725197,0.0,0.05119146026040604,9.360492206218911
0.144161015786937,5,0.22345565471212492,0.02253731802665687,0.0,0.02811918366899404,0.46979114905745467
0.4613068494072157,5,1.8964890714449372,0.009264391147792619,0.0,0.0645902635128029,0.4108424745467313
0.3823405649790071,2,0.16144660916582887,0.07843082789155491,1447.4316000425513,0.08576863341176276,0.13410017075946692
0.22708960419244562,4,1.0897465685714705,0.03900522906231398,0.0,0.1440567180984329,5.052125184769249
0.46747209442287996,5,0.8054025724639278,0.07356202236153159,0.0,0.06524364549785733,0.3190723008275683
0.42612875850618603,1,1.7402860111034744,0.07139409420288315,1074.703998908169,0.06694722445160672,8.196956866662504
0.37465119254348067,6,1.0411996336059621,0.005896785493779504,1654.3508605270126,0.18941305628135605,0.32664764902856325
0.288490152891141,1,1.490160342324436,0.07239815054253451,0.0,0.001065701692635811,0.6318216725241679
0.4875209512945635,5,0.38973816443480147,0.00648674730130292,682.7843222090186,0.17153679823046433,3.5313500967730733
0.15292013730899637,6,0.41577174383875093,0.043582369229607974,1594.4374554832634,0.1986801326755357,9.895395420941544
0.3512241664365772,2,1.1425138032607558,0.0006120996528974398,1336.4207321425013,0.1308527371093967,0.15019419358356823
0.13121415157104271,2,0.4203702072430875,0.0692332705430755,0.0,0.15031217523756424,2.2184228850552516
0.406839443368899,6,0.6193105487609223,0.002452759212015785,0.0,0.11284091625406181,0.37606335751102804
0.028243976408809372,7,1.8443994476713705,0.012136529240311873,1540.6440816218744,0.15175918271109243,3.311327569579061
0.3811882271250938,1,1.4500136488946243,0.0018657865250140038,0.0,0.19752956256617632,4.192247201739074
0.194282489289445,2,1.9308791202535485,0.03484289947353332,1275.8470054289571,0.18703212563287186,3.25062217775177
0.16911291182933982,7,1.14379793532074,0.07717484451574734,1758.0711546183834,0.03603734017149387,0.8437699255788756
0.3914494865584407,2,0.7255103224023531,0.010000865607187492,0.0,0.17828066528703485,7.889378505717169
0.0803653355708086,2,1.7420285747874984,0.051639243133308234,598.6102427889917,0.11946858961079612,2.26821787262513
0.4410569113779861,3,0.8781060799027902,0.023020339244985966,0.0,0.10604696737002292,3.0595355719437873
0.06710869808244146,7,0.03460024548193963,0.062282829680272433,0.0,0.09492948894134855,0.709019677785927
0.0876853524398891,4,1.120976078956204,0.004889086090267547,960.4982462492447,0.09444138808471307,4.680819116787697
0.13223112080669186,1,0.4681249851441498,0.0664093529046498,510.5353658416107,0.07602177201288053,2.8766302577318914
0.4454765869903402,6,1.4358426467854384,0.016574517751555176,0.0,0.13073060873985745,4.882775934459924
0.23124080114658999,3,0.9538108510645502,0.034524343196248586,1892.182649109554,0.023368537544311816,1.365849670492127
0.4481127232149943,2,0.024231411199296726,0.010648123087889125,1957.1671035843017,0.03243035563513259,4.848500452125396
0.08672487432769227,6,1.1314558226885847,0.023801080409102227,907.3025250234507,0.06113601435868233,0.1487726940632887
0.10694877834205556,6,1.2948842436324062,0.026145610576016737,0.0,0.0036102184789233976,11.366545593457879
0.1223674082309673,6,0.8792344600177298,0.05196647556942712,0.0,0.13101464495934337,14.424578385332962
0.4986870997034875,6,1.4183143314029285,0.06880963531179307,536.4929937350248,0.036999595004124676,0.6578207576533963
0.39794176196612885,4,0.28166685530602464,0.05470118598222436,0.0,0.18199817541276436,3.405583963284083
0.28410703679013805,1,0.5485607524502638,0.07919564880605787,1806.6669184553994,0.1551981882327204,1.1690999257774113
0.18083579439430167,3,1.5570285897051146,0.06160893217842284,0.0,0.19510429704343996,5.755958751616013
0.46885874717776105,3,0.4619260086012493,0.03193446119911129,1113.3694622511603,0.04970216096976113,6.098819697352011
0.029339105906424294,7,0.26211148684333496,0.05733299345069576,1618.8894932138287,0.17214333382899955,1.9619897291654842
0.26335369379816526,6,0.685047014733525,0.07624594577776501,0.0,0.09483175790781423,12.89180652439315
0.4826124672493673,4,1.4389789005188174,0.022421224013954265,1132.4162384219985,0.022652670655783053,9.523141747634776
0.36987916612135713,2,1.7143951744491082,0.00480174380706166,1580.2282050848892,0.19640381614568514,1.2644671427201655
0.42793720028063836,5,0.09184011218252608,0.02709955953949377,0.0,0.020281540071669452,0.054271644694695614
0.4981586283223401,1,0.649294780007752,0.02552352250829301,663.3863762499743,0.12703209934065152,3.4629149488870183
0.3056139037138456,2,1.564388072092905,0.07646493945394996,1379.8950221974303,0.06815746431229794,3.8059452403387874
0.4646078382193414,5,0.5432735948241934,0.05939642141558827,0.0,0.10515105734672324,10.517092841490735
0.3119638851501797,7,1.583065237333784,0.06464882772914747,402.5807383233888,0.1297082172553046,11.225908979425233
0.02752959844986385,1,0.2710897672230297,0.06536643099533546,1552.342781032406,0.046988199170419076,5.972813683468622
0.1342699072890538,3,1.3474289276620304,0.025065965304065987,806.4645484270005,0.0010349276557267374,0.44483058935254194
0.11912006574741522,2,0.2986969006389468,0.02948613550705101,0.0,0.12610818235149637,5.361847975329251
0.129393896145504,6,1.3002834692939282,0.025758646982729918,0.0,0.09963721207708691,0.4768034436211951
0.40037498657578297,3,1.9175692094500623,0.06186089216639909,507.3352003712847,0.04031860792574493,0.3622168479916762
0.46935892202873475,2,0.5887797718784744,0.0446393851914762,248.95829455090623,0.12063134500450233,4.501975019087482
0.3849331087326715,6,0.022995944794595546,0.0496907560537559,0.0,0.06363654207929306,9.661421355603151
0.37742124898625784,4,1.1248978825428375,0.009900853286720883,0.0,0.15134431467066065,0.4807339684961013
0.2624751284151627,4,1.832097352415287,0.03254418229075047,0.0,0.020434554285206002,4.212911573590294
0.026315913946934277,1,0.749306183306522,0.0013466655888449174,0.0,0.13124993153317743,2.4439441659132077
0.03779041775829051,5,0.6603620463057596,0.030278004058189725,451.8369922202145,0.07706391089548344,0.38886367549295153
0.4584192057649435,2,1.89788026256852,0.005858520342178712,1076.6721282900705,0.10373038648923001,7.0553847069548645
0.029978904427272017,4,0.7075919709378102,0.051085819016450595,316.71083683660027,0.16914494523965445,1.2306615103687686
0.07018500586161733,4,0.563070222347092,0.07268748703331007,0.0,0.07779836466018487,0.5444747949895765
0.17566386559889136,3,1.7361961885680928,0.04232988312166266,0.0,0.053949782749643904,1.182529132445141
0.130640336569303,2,1.4163033754812022,0.062293973191532466,834.7875976439907,0.1934361817709956,3.7785434523497186
0.17904159439098039,7,1.899388361838425,0.039950443652329984,0.0,0.016525721101146574,7.464342807936556
0.04133936944137838,5,0.8878672994062251,0.04775682294764223,0.0,0.14337474176617565,7.599164738577237
0.15730407432926463,3,1.878391723269003,0.0580404548073409,479.01945722084514,0.06273713351470142,0.2649567396470296
0.43822260289909626,5,0.18637757194462568,0.07502338294294253,1722.1361929166494,0.18142709410842286,4.310153255076805
0.08745003714290817,7,1.0043201116456297,0.05748266343760291,0.0,0.18416776626024015,1.7192917921104827
0.07039431698764892,3,0.08643987450991442,0.06702605759388808,0.0,0.13977425529992035,0.06217298963024008
0.2459319024892032,4,1.0490881313300726,0.06531584336612573,830.6341074891875,0.017464998265420542,1.2591546302310967
0.018024684174454388,7,0.16440317896386736,0.026268622810641542,0.0,0.10898919714517698,4.054602651002623
0.029266548957551895,5,0.0023273286559568618,0.03037956276391654,342.5471499207021,0.10145560460827122,0.06507333706697836
0.312551471152715,2,0.7902497695491346,0.025306712735084176,0.0,0.08709936143045266,1.051786492058473
0.15509739399983538,7,0.7341654941744933,0.037676548191282404,948.3630261048917,0.013507284973309181,10.448158874519706
0.46300223567984305,1,0.42979286714846365,0.00931701991133057,908.610302716216,0.1254164560268431,4.426549332610835
0.2779980776996233,7,1.1634968358963875,0.019276163410955425,0.0,0.025418434168124098,0.18067603381611494
0.14454015781837334,4,1.1089104557332785,0.050554637028115565,0.0,0.1363596255732969,0.48180124391267154
0.3775758636595116,5,1.2685948210406608,0.06464791843948095,1176.9189278786973,0.004481613949747653,9.721967027581215
0.2028619886840631,4,0.05256954467521413,0.03604968383442206,1114.9817174035857,0.13064374149788494,4.963435451070399
0.03676455287962873,5,0.6489068432363352,0.04190007815348241,0.0,0.0268713840913212,4.6285729576688555
0.365582285409374,2,1.279495424075359,0.04270026564750289,1273.5189391430372,0.0010502384436218586,3.8608165458325314
0.2597641257275757,6,0.31086660785147835,0.05903891058201294,131.77912789000595,0.07972084027130324,12.326719700006684
0.47706194541584546,2,1.4889767798985325,0.008451427909619351,1475.3753309141764,0.17025389981138994,0.2673316319028188
0.3523131604962492,7,0.013184810677878023,0.017849196683093344,238.585478848993,0.09379613097325193,4.336353530697936
0.3164446246517385,5,0.7598190896482406,0.06442164777658008,901.6089884035499,0.1307706817461259,0.11472762192863675
0.31720444906845996,1,0.5820135887583293,0.004621303917765474,0.0,0.0417776831247813,0.22507138215833308
0.11527454570176437,1,1.2035288842209386,0.07989183079473766,0.0,0.10512038597349116,2.866518358605499
0.1237430150305219,4,0.514427357503257,0.028274924359234756,0.0,0.11479018892692906,3.5316438844575733
0.13486073080273328,5,1.6295373626940497,0.03384945580381843,992.470532026894,0.11521511911793322,3.799752331404432
0.2876614780250106,3,0.900413232230239,0.01826483405001425,0.0,0.0053721435896989765,9.158902132121952
0.39654635381085934,1,0.1522021116667247,0.027879627859680234,1314.4266669545786,0.058701706038953576,9.932935805626924
0.25419242674212567,1,1.7220818690525963,0.017255309437830855,0.0,0.051422340376732344,14.410270826575747
0.2891187510922987,3,1.2107712160253128,0.049304611987735524,0.0,0.13759576544300292,2.828218814816203
0.024855136124226185,3,0.2912915920529955,0.06952376819814536,497.366419205641,0.0323863430995667,4.5537664112704554
0.361996507268047,6,1.3604258088377652,0.04971435028956037,1581.1709564941855,0.10302998283700604,9.97257237271609
0.47875081820332904,2,0.3422832994921283,0.0663667577090745,1969.6988680490374,0.14404498969103194,0.21563140097686392
0.2634649473099006,3,1.154404472251915,0.04357504747471813,1449.1968838496227,0.06399100853565684,1.288947552703696
0.39348418664773455,6,0.3002676916600511,0.004655821610422963,613.4396650314646,0.058773800182779674,0.25343676477602495
0.2619785642819625,1,1.478822910913383,0.006100125147700277,1948.5349151613623,0.12158408442853451,3.8362773752588737
0.17089510264033067,4,1.2975862311743351,0.025911682221684107,937.9488565904924,0.053909818591634476,3.6143379135869442
0.4245065749730321,4,0.7484255914781159,0.04965095616966076,1484.3384866224383,0.16307028984875124,0.05243488114901536
0.3967976507374284,6,0.7546555486044386,0.055739280016772065,674.4908742218531,0.09268887886388,0.11620244790015485
0.39116616977216584,2,1.6660992621379818,0.04300996805978837,1814.9138736338598,0.15819661149012015,7.182470547811538
0.26694398846112477,2,0.22229565493421788,0.06357297234351694,0.0,0.16181563224207893,1.3695619616819021
0.24194354787307254,7,0.307653153447105,0.01942386116221379,344.47557898285714,0.14549007057895952,3.8687074679847187
0.3339454881607526,5,1.0566893868731084,0.06428540811202481,0.0,0.10594728470419738,0.3870566489659585
0.28652717225784385,2,0.41016271553274986,0.056833584099253105,0.0,0.1941379089749962,6.302226159581386
0.060928308256428095,4,1.9273665445210042,0.03202487193848904,0.0,0.14101342674075548,0.20076203727966316
0.15274064867449902,6,0.725640060942663,0.04904860767644718,1913.1684314655704,0.11713883101206889,0.48554091871554117
0.35587240983916557,6,0.29431540192744676,0.011473488978901996,0.0,0.01006893180115024,10.407682328273363
0.35298011222978026,1,1.3029183714321404,0.039110060860279565,1673.9535138471997,0.06910306261566845,0.28935078258226843
0.473060739592267,4,1.3734333192096972,0.07246884510340217,0.0,0.11739738855409175,0.1860753638252279
0.04049942581780266,3,1.6348953010139065,0.01651541537032552,447.8168411959958,0.025017005101401847,0.8561687942737743
0.2978037692576148,2,0.21342994373675106,0.04399979883898863,106.52451368282826,0.11510198081231014,12.22316177293954
0.07428070092119132,7,0.18717826414484517,0.016182461403150078,0.0,0.1484217057104946,0.45446512294990415
0.044693721719331635,7,1.2668640625639203,0.05429016039906015,1341.871993804544,0.06621766437973213,4.536758607675314
0.018389822040609332,1,1.6638266251419211,0.03370856701964854,280.0750562325707,0.142028259043209,0.9560096785966863
0.19946563283298188,5,0.5371082124193589,0.03451245629358283,0.0,0.12703437778667528,7.970886531872408
0.11472336488278853,3,0.14032387242198086,0.021489436567503947,1623.969344522277,0.11261783511697822,13.103325075758356
0.08655767159150028,7,0.4546048144770476,0.020338002406600726,1634.2891032860691,0.14901240509882638,2.9273818673906016
0.21937996118490008,2,1.3086986923246464,0.06974684611199283,715.6024716208756,0.15951417099716275,11.231732430313928
0.18032002229258381,4,1.323658579356207,0.0055024526158127165,0.0,0.18714106988582446,7.855429378695335
0.08695885320857796,7,0.5666554772232528,0.07825224976672314,0.0,0.09445614724783068,5.800636626602262
0.4121371210261834,5,1.905531794306666,0.05316635424072318,439.33638896550764,0.009099259255507718,2.5278053655655635
0.1724312138948926,3,1.6451674643228644,0.05292656171004746,0.0,0.14713035823548642,2.4128067812720335
0.4631450957598667,3,1.9580587188502783,0.01887614313556214,0.0,0.06906174617059617,0.16355651868129084
0.37406280845159595,7,0.3334911372518732,0.036262771707012656,0.0,0.05253745330896138,10.151376734611006
0.3673334668329232,4,0.8865623528534672,0.07583687334011158,0.0,0.15367597468136338,4.190288537945168
0.30433218224805053,5,0.6980374250848862,0.0766628502515579,0.0,0.12908463320286653,14.782236685813746
0.24089943214283419,4,0.9611565053773568,0.049656658106804724,0.0,0.09997291330224312,3.128323594701965
0.22979187946239546,2,1.6545539097438782,0.05483252984322569,512.0649070469058,0.1490337406796052,1.826562578033792
0.4029536751134699,2,1.8746791262494,0.01323533120151022,526.2669627719431,0.1808130140750267,0.33839604902909226
0.3976320035487347,4,1.9082761587676185,0.06805845476688298,0.0,0.002500677450483737,1.7658971171183415
0.4460826576754454,1,0.4920704524284598,0.07018241850810934,0.0,0.00744133826709852,0.42745226658157054
0.3291024646361739,2,1.322381799463876,0.05627880883972533,0.0,0.16277659268697967,4.500837125360238
0.2301746691233627,7,0.07006330588123366,0.05310611691380103,1650.9719563199833,0.060781561898572596,9.254914134515433
0.057382208917705256,7,0.231705554007529,0.02331845380632788,672.8730924926987,0.01955771908728879,3.803019145446579
0.14987428294070387,1,1.514247647954419,0.015210071815126503,0.0,0.02265037342981002,4.104219631193853
0.3093109417266175,7,0.6497497341985774,0.0413053249328936,0.0,0.06843749536348617,9.835070745776653
0.4180343179206018,2,1.0858848115954516,0.057409389601540746,1300.0325206223938,0.07668849007865829,0.3872168520673428
0.11132296406881885,3,0.3624232347424148,0.007284308024757156,0.0,0.057701031299497746,1.2239751548392652
0.4658503873635752,4,0.062217168374832266,0.04106348659675987,0.0,0.09440948132773448,12.19761413019332
0.047931720370393595,4,1.3473248397868685,0.0715761488819347,0.0,0.1626777752123982,2.957410963833767
0.4793284595491454,6,0.5083581484871933,3.38502848121891e-05,0.0,0.009932793903840536,13.36737569944919
0.36608304125041613,4,0.2867513421364791,0.02991762074218661,1836.5649387440808,0.09208509624814827,0.9636670893879522
0.45318724169064106,6,1.3531667408397532,0.05341999876167845,0.0,0.10554888467718448,5.4451885141159995
0.4785211851052526,3,1.924528156070344,0.024046168644321773,1870.6322135461296,0.1496701556695702,0.1869803378484991
0.027546554264688057,1,0.07732677235619989,0.010952112455791418,0.0,0.05141785642717326,2.551502408604084
0.029017870703155042,4,1.4610640420107244,0.06629559537952015,1279.8400172090169,0.08596631244401085,11.509685719074698
0.20519410776329544,2,0.3141672952578194,0.022244284477071004,0.0,0.024882578149630366,1.502630790801283
0.4972068205639789,4,0.968736302685316,0.045909021917012016,0.0,0.06559069079024411,4.136957737324263
0.3873781663122147,6,1.2323581632140155,0.019476508621759807,1906.6415623551977,0.11308967938360348,4.106436719938903
0.3632892258220029,3,1.8125928038143218,0.00898236846712595,0.0,0.18644477308544877,0.16719468760846798
0.15909457858460138,5,0.7425338482301418,0.011784107656951441,938.6684313264803,0.19943540004161192,4.039001704374905
0.17366718867125058,6,0.2036746831995988,0.05831464093744297,0.0,0.014860005715333219,0.678069328151092
0.48284904858801453,6,1.796545328985107,0.07767872463014965,1945.232553745085,0.16666312200634986,2.423460512980837
0.1268122966726148,7,0.781458112419378,0.03204887390378748,1628.483239038228,0.1256167831808505,2.17819205854975
0.24495344987434725,3,1.2840271693504823,0.036922316683204136,0.0,0.045241323633631036,0.2223190061183054
0.4959753140910856,1,0.6608953952372951,0.0379637141158539,0.0,0.011481958084884725,1.8309475903869312
0.06764665162897518,6,0.5680573364055646,0.0020844442236056084,1777.7370851850012,0.04262726832978134,0.2872275992430814
0.31906921646090114,6,1.0477112140856453,0.04116017318856736,1494.0108111307761,0.16666837560643855,1.1473958426307973
0.31480915954823296,7,1.5031061126980525,0.019073896039628443,0.0,0.17461403914949386,1.5748694583495133
0.13876708645415542,4,1.074620518007221,0.07385807027889861,1944.7186790080116,0.02815377253582125,4.091562716028933
0.26751495825160093,5,0.7957555589509904,0.06485376454099291,1420.7511177984063,0.019496545824287562,0.10922304586642424
0.06786741091367243,4,1.5522599452287973,0.07627415867206506,0.0,0.10757179888164178,1.514272524425734
0.25784723492466033,2,0.5090332330729399,0.05588904010069762,1776.6096545960463,0.04734999761691765,0.9349914522455198
0.17422503988493712,6,1.1312669028750093,0.06259064745788402,0.0,0.19391062240067117,12.511537036455785
0.3825898172684467,4,0.9981666021290503,0.05219995044873369,1617.0432887642355,0.1279897582097138,0.19082130186281487
0.49476492991951293,3,1.685881279754523,0.046924684859788325,0.0,0.016965483980823443,1.319303802084303
0.4808227799781702,1,0.44321837647830176,0.030372321269493855,0.0,0.07895786943343715,1.958694813329779
0.2559301083973057,3,0.8668164347436806,0.03967819733541928,631.7895797731226,0.12343856290837393,0.24930494498530553
0.1080241242417237,4,1.2183497587593164,0.07000471713351543,1223.0460342027056,0.15088435306578665,2.963199890748858
0.04041436698717046,4,1.1935531918618887,0.02362969461659888,0.0,0.15375142853238208,4.5037613344998615
0.20357781906559272,5,1.1908998629385932,0.06217223265835789,1043.333645585392,0.1453368045325994,3.2382098895362756
0.449909293444975,3,0.29008654333837436,0.001169350745409119,277.9814657424032,0.15431191570554337,14.447367902839263
0.3355937118241319,1,1.5723368428987425,0.02157736032660311,1240.003987620951,0.03482926305285224,7.006436829571957
0.49489766632892823,7,0.3556718716544416,0.01967100691787022,0.0,0.14429026830748626,3.624734536301936
0.11502060335712344,2,0.8886703341659399,0.0527290817297238,0.0,0.13976782829326526,1.0159151135997941
0.39271112932771435,4,1.0814199098323938,0.03602235862916326,965.2949986360609,0.17641292080064114,11.295699611705368
0.3610785984451607,5,1.1309442631005007,0.01807621686826031,422.8069262397667,0.15919523563211074,12.27092729224236
0.4965007998404686,2,1.465284484885042,0.019889129521739175,0.0,0.1647205265493607,0.42272919421101995
0.3233747717696412,1,0.7183453011186005,0.038396519477065016,522.2356399421903,0.1445295653885182,1.4944917088563583
0.2554884499399758,7,1.513464626251254,0.01745399810223777,420.26987314044203,0.14455194617655842,3.1240399770005376
0.02894428901765183,4,1.5673471860392076,0.032641133359861504,790.2076054537578,0.12808645442138272,0.4908109823591046
0.354953101713685,7,0.8983695367839439,0.054973895408760194,1021.7979718741536,0.013876135171130385,0.44503713273930656
0.21098051437048362,4,1.0564664654299167,0.030310590364098788,0.0,0.11153753617582589,0.212011748919584
0.22901802900734217,5,0.7029095385714355,0.05156631167046952,0.0,0.014030794984213606,12.307349024056865
0.16557465092133883,6,0.2952869852743176,0.0021070961398841617,593.798155532885,0.18478500863030897,10.998412211431141
0.02626619438212526,3,0.508698202395276,0.0644996919668746,1507.0207361560554,0.19148988668532144,3.533756182504946
0.41369990817664404,4,0.29374375166641475,0.018378772329482287,0.0,0.028788041446752545,1.9453066653535882
0.2173546913681099,5,0.013002293656831032,0.042311517322547475,0.0,0.1594113152204511,4.715177195220015
0.10610899144188929,5,0.12981339242933965,0.031052915836825356,0.0,0.046767933044997614,0.8034073979165676
0.23771464056251831,7,0.8437167847349938,0.0015301080498984288,765.8757463140438,0.15593686019972014,2.637575406470385
0.2003471848793883,1,0.2713002118744161,0.016199923968327604,0.0,0.11844318082472885,3.8617433694019727
0.3119838425307953,7,1.4000680819297109,0.011894751388535739,638.0108259132875,0.09136115271815602,4.327279719701878
0.4664876726223539,4,0.1714201868765679,0.011144469333820633,0.0,0.0028993142238926675,4.141237122264993
0.29763213668992966,7,0.9588924574740116,0.07475005437123367,0.0,0.05553091411365869,5.767395137452562
0.30868480273335686,6,1.1643263921967404,0.042235520299811286,223.88243051344782,0.02133048354733817,11.301864391211986
0.13853543510402314,4,1.3394916148512783,0.07529773080762324,1105.1506870855947,0.18659078641689641,3.0254254389449122
0.3020882785583469,6,0.6691155856621664,0.05560575615476127,420.93037298586097,0.14656593924679798,14.068121500964484
0.3967942779149794,1,0.788475472258602,0.03745422103041603,1864.8727867253242,0.1791873975553369,0.42953949002539904
0.4746982282005254,1,0.49272630391487904,0.04814455138390973,0.0,0.11692403326707497,0.26057442341411907
0.3140030436096315,5,0.9882008315168789,0.06855870445691006,852.7190537631813,0.022456911096537458,3.8027140462997786
0.4614303417232526,4,1.54105055861526,0.0032803750955825973,1104.9432167587236,0.10603601905367889,4.368017896940594
0.4718966117750355,3,1.4590076528587672,0.048163963483948066,1802.681631403472,0.15700819662514257,4.672326959957064
0.4950681262168698,1,1.2188928143513442,0.009973716413456141,0.0,0.09020715202031539,0.37211412006291855
0.48478094814872386,7,1.0023332571263441,0.029511835481647486,0.0,0.14671580979097196,1.6939583152910023
0.32963640876123995,7,0.7248212836266033,0.05131899766444705,0.0,0.15917122205926104,0.10465371682954734
0.3933953106544487,4,0.05916568909047504,0.02903540737405166,1637.2118284133599,0.16988889744970365,0.36176671056714116
0.0817866368476551,2,0.037460584120839746,0.031328150473724434,0.0,0.09555428885121962,2.499732619871252
0.032212338003517096,3,1.512967698199833,0.02951314986828961,770.4835110857798,0.08522464885654711,4.778068715631871
0.06334161885686103,5,1.2159143676200903,0.07592776711427411,994.1202824144035,0.0941482425959346,3.0003564074223643
0.3207031482309179,5,0.3380026928530062,0.03688078790716969,695.3562419654681,0.10254130641881787,0.24252840912091558
0.05448015127548146,2,0.9770272799915061,0.06581227672402953,0.0,0.10500604319309867,0.9716179529281506
0.4795662567049373,4,0.09192459402222064,0.07017278416144089,0.0,0.013202875584178497,7.82008336773056
0.3641819475462017,6,1.6702523266864082,0.01540150974558384,169.7428371251873,0.18386801387898896,0.4596887468817563
0.25049555223182435,6,1.946614159000753,0.07923073421585752,297.8826191212446,0.1017278470453853,2.815008926608894
0.2890510008748048,1,1.085866774785925,0.06484698755287785,1760.2415029851118,0.07683136721032764,4.417703791590703
0.11525889141102595,3,0.5615039014926824,0.040560239239693756,1426.009575907876,0.024661700517920684,4.861024389233323
0.0868170242941511,7,1.0192037776492249,0.014615114792587347,0.0,0.012893554920627898,0.4427148593896705
0.40645229474363875,6,1.2011934071589,0.009985413523347413,1301.4055628770618,0.17507057453902045,1.0045114175218828
0.19672463145286692,7,1.8852962168655019,0.027358319146850996,0.0,0.11689692424300673,1.3721190911056214
0.1063274279151605,7,1.4689848012221018,0.06919748475443842,613.6469792442693,0.07091179350538193,1.970051467142805
0.1290257391926084,2,0.19019333869822797,0.010953564230848789,899.8624770732704,0.027251017023733864,2.8140596728387384
0.42750532508405403,1,1.0828587886099934,0.04915469238680762,1217.9849408315572,0.0368955740061392,3.4614165242285053
0.22202616013186482,6,1.4179136075256955,0.045547755559444174,1277.256999546729,0.1578060832142445,1.3690527811868143
0.035653680591041396,1,0.09206627228343711,0.07894204779084461,0.0,0.02619760321646383,3.823506682851005
0.1540191324763772,5,0.6087887051039933,0.02408366925583123,838.9673990271798,0.07485945620975476,0.551716113350919
0.38403642165630564,5,1.6268308286417377,0.027957959676653543,382.7549980666053,0.06296389104415945,0.39108969546577554
0.20649481168875372,3,0.5170607225354462,0.008217869894948162,0.0,0.12336853124079583,0.29122423333782
0.4058677448979073,6,0.026266747419867453,0.028356929623670927,202.06652433046747,0.1139006459842182,0.5792742821349828
0.12562803278853119,6,1.4502704458215823,0.06822442509623582,0.0,0.04528818823580653,4.33547904418449
0.10682722488152077,4,1.4477420766294344,0.07276910375063297,0.0,0.0901995304645239,1.9335339415669532
0.38847978384038845,7,0.3515450200949215,0.05049095169662388,0.0,0.09877084273502688,3.106075625399796
0.07860023652336381,5,0.5688406478075831,0.021379758005684188,366.83434908496173,0.013814196346781042,3.2312543577719173
0.07031304816760257,1,0.8997917119761869,0.0521097241930586,571.5379964100221,0.10320466399748882,2.9822128969284227
0.1442701515271798,1,1.4285269256436974,0.017421009483921425,0.0,0.07230626278928726,1.5529841545578251
0.099994154003124,5,0.9432861942034472,0.03429164554521462,0.0,0.011676780637928461,4.046922999822341
0.36048824435031673,2,0.7820845843789381,0.045839462260257785,1725.0854010229982,0.0025264890586679622,0.3167373368616849
0.31686547975482604,1,1.6845641974964316,0.0597135151789871,1246.3536312991494,0.09318806427450603,0.4983838671715126
0.2802500199368186,6,0.9939993978551385,0.007209129659960087,1294.2100936511001,0.17098913160102175,6.826659947053782
0.35013027333022784,2,0.1632632997026766,0.023879529022989496,842.2358610911938,0.009918445823490649,14.528695203580837
0.14688459838797235,6,0.1103022482778937,0.015401731275008138,90.93843816033507,0.032031391191692266,3.9297495121792116
0.39696784292099496,7,1.3096961247782557,0.015141880013430038,670.0532964209119,0.10575630846858076,3.9601094454106773
0.18356813223679522,3,0.5136383316113047,0.04249220527748425,1166.6036283629521,0.18484305284824948,3.350081017799468
0.4480060872340125,3,0.11401318929938475,0.030462698767368776,90.91684275829121,0.09545498339857918,8.948409997650211
0.2198060868564537,5,0.2407609293302495,0.009528614383102462,626.7552076960558,0.0491210693883934,0.15953008934220503
0.34982794934073425,2,1.6174844580422394,0.021540825317678206,157.1678555676295,0.18825036763052805,3.4644995531946705
0.19016786604281302,7,0.6205556715513205,0.0518247038417529,0.0,0.09839091546748166,0.4152771142353363
0.19652487211188296,2,0.25978565259751085,0.06725452068940657,1330.1172680795382,0.09377201622945876,13.79031971876471
0.3257709418221631,5,0.36349516537818727,0.007841234550142833,1784.3419283480512,0.1436252715736266,14.910881551216159
0.0760303965892754,2,1.5219266355216174,0.042517399676593036,0.0,0.07429498461959898,12.55236531199952
0.16839092413256349,4,0.2305851441115574,0.02544249472691697,0.0,0.05499328648157226,0.053326504518956666
0.25096929128582485,4,1.5935457211396908,0.06739446417203576,0.0,0.0865393029975637,0.05234737617414684
0.32419534521516213,6,1.398794214931579,0.029337320053035104,356.1078705047795,0.13674589440536905,1.315004222825329
0.03204679717377166,2,0.29739863659509647,0.05790629454583561,0.0,0.1479714249996518,2.541837915924357
0.42720316855016266,4,0.17959453214572063,0.03151690202723402,766.6872984598281,0.14131124453623173,3.6347287431236532
0.4689896442194341,5,1.4513836978294916,0.05536245561224907,1309.0968034766,0.08108128035713943,3.7252615220665275
0.439389954536729,2,0.6841535919421415,0.07445915170899302,398.975543413252,0.13307533264356416,13.234535644704001
0.37541315691018734,4,0.5072403382679787,0.02485573263513376,626.3570900497157,0.17941919091603278,0.9324964896907599
0.13133252553986274,2,1.9142131057120648,0.055277932092125115,933.3968265223524,0.15455650670186505,12.108756275835423
0.25881087017408666,4,0.5295473292545525,0.03265001073663497,120.06050685892137,0.09708414537893699,9.923677275853299
0.2806384506411947,1,1.5886866879708759,0.02871026304300231,1987.7438761061796,0.18328410797657277,0.1865960830831326
0.4731174412002335,4,1.8687490807650027,0.011818264468045942,1655.2593872522398,0.1420323349092516,0.34367735354357953
0.4456524258301642,5,1.1145551266300209,0.05475219216517109,0.0,0.04972013887400245,0.13339866175515483
0.4611494305486957,4,1.5023832729027715,0.016213752504584376,1316.979055076912,0.18034053843248088,14.384664626177631
0.4357284016237877,6,1.8015894005257387,0.010300923494077888,0.0,0.18393994685045215,9.84139127117945
0.1935299720676158,5,0.9355525299720695,0.05453827496441074,1659.601985429747,0.09066882869161637,1.5790088247982137
0.19248910807622444,5,1.942211016729509,0.04591339551676631,0.0,0.07120839584391525,2.8979853648839136
0.027396650672129853,5,0.606803123286004,0.025121501097789205,441.011250625402,0.1425135359348306,4.541305357279771
0.40718539256716507,5,0.22367960968322476,0.025066226572105246,0.0,0.03273255945956667,0.883463391057969
0.032794063209083645,6,0.49579394550175127,0.007629904631842202,0.0,0.18311300716396156,4.170271619061625
0.43723785449173186,6,1.2799978071934963,6.858325505728403e-05,842.8067710563861,0.10395129796598342,0.3171317314331128
0.40720373447688585,2,0.9901848999863123,0.03455467386907813,0.0,0.10142031190340783,3.8694799481981352
0.43839329302984315,4,1.884999859745781,0.07876299673075028,0.0,0.06770349359923769,0.42208754698341544
0.253185574903738,5,0.747235544620616,0.057717248028667914,0.0,0.12628225214303415,3.801812052768603
0.44959392849235885,7,0.6105330760245333,0.015676545690849846,255.62484556502363,0.011308405649746212,12.00909381954689
0.21681363268733228,5,1.4634799471712103,0.06494486155513558,1380.2571739979173,0.08849264494174754,10.690731955900738
0.10935691259073117,4,1.38712491194094,0.07397916521595709,0.0,0.017386952653411485,14.152779789128344
0.14542587920479075,7,1.3203759949957168,0.026394401667397985,259.7784702920323,0.008558461971078847,0.1644612557563354
0.06533402973154877,1,0.3548922949374871,0.045238902666733596,0.0,0.026361168058454485,1.2397968732886722
0.3680251746457677,7,1.1494184057351506,0.04485143401167889,1527.7359461038186,0.13446686516806858,4.507881738262777
0.3150634602084364,2,1.3177745315338643,0.028393861677831297,0.0,0.1639737102374678,1.3744443802275823
0.18889158997836636,4,0.5653113055146892,0.014712964098626005,0.0,0.1150894351697329,1.9676737270371272
0.31065625057937957,6,0.04781070499559248,0.02763793629512475,0.0,0.11639922404732907,0.921134034818418
0.20593456688793113,3,0.972571144702693,0.05871413789059892,1580.1181624213114,0.04640529954173631,0.30730586008863703
0.37313204089172763,7,1.3800402746305638,0.021116626689878928,0.0,0.0038559106074734094,8.536065020777995
0.497326507124396,5,0.7168044773876332,0.0016529481274745272,0.0,0.058810146192525205,0.9433178306084022
0.2847218582153341,3,0.4025986971201796,0.03574482033979209,1459.5656503669406,0.16582832598848124,3.5772036235407643
0.43259469025521824,2,0.6129154627009012,0.06126927895510465,0.0,0.08227532279223983,0.8610093131046348
0.4703224752191318,6,0.4704099861954627,0.04490030566356008,0.0,0.19004527843628802,6.555653971088704
0.09447253214603474,6,1.2582262869608607,0.06257832003776988,1359.490381656526,0.030659399625866293,0.6931052269708737
0.36254367765646767,2,0.2741488853709457,0.04088232522469563,0.0,0.0421255404389124,0.21988311284769518
0.4122075772836312,5,1.6572998199252014,0.010527526164120813,928.8421627801177,0.07500770012441331,4.255573805919262
0.33314504236052506,7,1.337215184533661,0.0011265028403902822,1125.4883541946576,0.1625614573979235,2.0867746987676186
0.12894792695083104,7,1.309153028348277,0.04032568030853386,984.5226313266945,0.058188603135858115,4.3658496250265415
0.23933699953213625,4,1.8692107761545065,0.06372803651987016,0.0,0.19978964943412306,1.2211996956826412
0.12621216383631226,5,0.5122141209209121,0.017795693420789203,0.0,0.14768769048986596,7.306484741852892
0.05176774592011543,4,1.357728178171027,0.06232783518345361,759.4737850233515,0.0869764999917688,4.819932087069539
0.3863640535573787,7,0.4060593304662279,0.008874539461143183,1419.5038304698362,0.16242270010125043,4.688634442338427
0.06854589990280863,5,1.5021790608847718,0.062286547897651465,569.6105353579452,0.05426198431100299,12.722263733856796
0.4640073153034574,6,1.3740476761424105,0.05167775639571448,245.77204215307904,0.06793168445294814,3.5181310723429515
0.2527713288062891,1,0.2103765697579434,0.02582702221850479,0.0,0.18839727146883023,2.0027908548022544
0.42153042166579696,1,1.4203432148060027,0.050880144319116846,453.65162153818807,0.19781880910940336,10.889725888763422
0.334562095954162,5,0.023042024052086774,0.04135988665700942,0.0,0.13215337696923704,0.5469225230006356
0.11029948649566083,4,0.02632554286379518,0.058899007737209436,372.03998861445007,0.19137535759641847,0.24514220266963366
0.06622062101784819,3,0.5184563901342618,0.024730743380292325,1159.8044802892605,0.07554134178006207,1.2360458630132922
0.04110995045920589,3,0.11075826829591584,0.004051626115498106,1690.3675837465535,0.06983212504082263,2.7031611067502013
0.48391038701666556,4,1.6090591994500012,0.03552922956135796,74.60873107383861,0.006719199697452406,0.1291307813861195
0.3843382098519675,2,0.1703343334211127,0.047791911294972234,479.6260059892352,0.07942856331903296,2.183475817924275
0.19372438144694534,1,0.6738573452941583,0.06359436139493846,0.0,0.1083635076012987,0.9514152075632607
0.18803308457960266,1,1.2134953806510613,0.03622005214864287,879.6437486371462,0.03161873092131357,7.4203999277604655
0.3616692321652528,3,1.8008232761772365,0.04043367412211156,0.0,0.17940513878719477,0.04316886009822091
0.30391650606110315,7,0.12486856805602153,0.06969056968657344,0.0,0.045847122638744436,2.6093797719548633
0.2547038435938222,4,1.7198774934669705,0.030437137852343463,566.735942880055,0.06380711157822291,14.696597465027033
0.14974591666952336,2,0.4853887969114692,0.04139724429229811,900.7209128686186,0.0872350640432963,10.761854125072723
0.2874336328247294,3,1.2154454956742526,0.04607283739339171,0.0,0.19814841761393692,12.495862900768156
0.27329933832237024,2,1.6208547381296365,0.023998070541463773,0.0,0.023553483004093465,4.989275762182475
0.33643559820272084,4,1.2939313680426174,0.041347876504634076,1979.6483995668225,0.024051097009932583,0.0912523333732569
0.3437767770745585,3,1.6347248067455686,0.05953596198884932,468.70151870863964,0.08156160697411718,6.580423197763735
0.3390109013861645,4,1.0915543064498752,0.0369584660533128,1817.7347326330043,0.1645615587371636,3.7278461825939044
0.2036913459241088,4,0.8037390312984978,0.05940745477137841,947.2014333937116,0.1193008913706295,13.135461799983197
0.33228471362695505,5,0.3819377955184988,0.041519636514573195,136.44788906444876,0.04499210714439613,1.9895195119243165
0.3591843288806777,7,1.6875826889330015,0.06546140545276724,599.2795756139283,0.06374974572064905,7.340790592022795
0.27847146892368346,1,0.6697525869590675,0.05425434347296532,903.4221112126235,0.171238038294105,0.4445223410809782
0.4275142205359929,3,0.1778704895109362,0.02804757378209076,1135.5019883571579,0.05383381620386861,7.443158919686824
0.453498814421145,3,0.23362463362424535,0.02989868134651739,0.0,0.17636133376063723,3.9089155405875315
0.3296056937090366,7,1.0494585208590486,0.06935547967534952,1207.4571256606328,0.007165209702294514,2.7592594110604316
0.2977854143460035,5,0.2704573082361046,0.025184066090722938,0.0,0.1403766414955154,0.4196622637215627
0.3828935721910978,2,0.536065931903785,0.030470971863575686,0.0,0.013025704753374907,4.97583179596199
0.15647866784987696,5,1.5873299620716024,0.059033914998308,164.3276402423001,0.003299699921822934,1.7567937310737456
0.1736986588115706,7,1.1680859044553804,0.05627705314319993,0.0,0.10013128425859145,0.540515074655421
0.20384423267936566,1,1.0613762821248875,0.07383422121391747,0.0,0.12130797025624329,3.9839998602020597
0.30689538217451523,4,1.8259708128620173,0.03016936513373442,0.0,0.12201213618356625,2.4759257970734394
0.24843892140779733,1,0.32395056981870063,0.06699102527535065,347.8281691847326,0.07340163141911213,0.42884611571442244
0.168426850836834,6,1.4280054170470229,0.023575198835150007,1273.4594669770759,0.09674523035466555,13.328690417979894
0.4267942686677628,1,0.13201286625986497,0.030699245561026507,1830.7911448619727,0.006911952764003771,1.507020962523849
0.4094505877710763,7,0.6718425632478127,0.020852703875796345,1564.9179417286998,0.1576268310420624,4.276277647296337
0.3819896157700568,7,0.30991646589524136,0.04335172008967098,1073.2701803207726,0.008160735645528109,0.31458647857495015
0.17071096367755012,2,1.995403083617048,0.07801539288572212,729.3567171990119,0.19826203325026365,4.333263164428552
0.11599678481929628,6,0.24105000445264713,0.0610211848896929,0.0,0.1712543485966701,2.1943383831341823
0.45273420082662175,7,0.18310347150249218,0.009052720527174101,0.0,0.1451470300311373,0.2498341674238011
0.1849210848801013,3,1.4129529744388056,0.05477780297770656,955.4530035402518,0.0801653034293295,8.30851804872645
0.13708925237207248,2,1.4912178569996872,0.035707973150610084,1712.002218282166,0.10761620010418216,3.9629459570686203
0.13994174748787716,5,1.9341108064566201,0.03687050213543691,1414.4046668668618,0.19350981154507496,5.7747806596373055
0.35950804396729574,5,0.2972751113241323,0.028236266524382207,0.0,0.15215898366485694,4.0094761358053095
0.3768694175422725,3,0.020408374570490384,0.023026747224120944,0.0,0.019727485778774333,0.2666725167729955
0.4252906816963887,4,1.2458741160661257,0.03559501584063526,699.9968795748074,0.19077954536198813,0.33124564961130964
0.390871846602024,2,1.0068082176889233,0.02630885060245418,1990.310888761769,0.006077196224089159,5.0392605698926545
0.18847166176164343,6,0.931029450257745,0.009707532555228974,0.0,0.19050251796610876,0.9671671090512122
0.4301448936502207,4,0.4473504241098778,0.02200614281103384,1336.3485667969592,0.004502902216567648,0.23255629597748292
0.17266870655900424,1,1.8991899905757417,0.014827085510426885,133.3693986111214,0.040339133053153474,4.075276315436337
0.3970885242302822,4,1.8335350053337696,0.006521167603601308,929.7884801030327,0.17331133205521695,0.4167014777084477
0.0882248343103794,1,0.19944720013213746,0.05946890003903394,1319.134799731968,0.029687852017285552,14.891020145393195
0.22235551886811175,2,1.7665366944257694,0.007314005933040253,223.1745848359317,0.09457221211168355,0.06775835944970145
0.10351617320115652,4,1.95599958712258,0.04096627631501432,883.199330848289,0.08504046169335042,4.182067791586534
0.49304940184862267,6,0.11226317604214464,0.06524339499352058,1921.4126610744586,0.0511956045963135,0.2614478626072557
0.05187835125292227,3,0.32224579343166737,0.020595919027407268,325.02022132364414,0.19377120980198667,2.55473048645074
0.0955728065363137,7,1.2360749611235486,0.056445055228866975,1761.4550723109337,0.1288852944623403,10.353975274254768
0.1458725195715275,1,0.6642140230755929,0.05352965468534088,0.0,0.14570757152218844,0.101256120483097
0.13005424433464374,3,1.9078049222584998,0.07057138513806888,1311.5319257072451,0.17405378269152397,3.335422322549352
0.4913071098566443,4,0.5427813675326405,0.05850013259493617,523.9620091791804,0.11954185925864437,0.6502131650057663
0.3616379144660133,4,0.630131750521828,0.034313896619212754,0.0,0.11629335984798292,0.10034842761811093
0.37544087467517484,2,0.4710289031133257,0.06343857885798702,0.0,0.08805729073139734,0.19299947767941478
0.3525008872792697,4,0.9779897613575252,0.02479785138934793,0.0,0.12262150919553455,3.5131874745969287
0.11794080654146435,7,0.8170457915277252,0.050384798856489416,0.0,0.16750675572944992,2.075726893856147
0.36981173663821626,1,0.5357486321493385,0.032826805297198274,0.0,0.17447007326856281,3.146466343498387
0.19193002065239267,7,1.2901690070596594,0.046225720501729115,0.0,0.09591661032809297,2.7096731142715518
0.4617145534023627,5,0.22301980873913752,0.009307217859528497,466.44786649285845,0.1633690732133733,0.23246664411270368
0.3309245749280906,1,1.9997428765482677,0.05153424721355019,1008.3355799577013,0.07154342060572344,9.949323243392362
0.4973981636826173,7,1.800624282181267,0.04596267204438337,1169.07744138299,0.03965311484332317,3.899246347874862
0.07781845140484348,3,1.2336997025518444,0.03291489899413299,1024.146506723459,0.14208605404192845,0.387657575329877
0.36326810213699945,2,1.6935451631817464,0.07270247545689386,273.544378843677,0.09182071228854513,0.26803741481072607
0.4628795278284575,1,0.11367812215963924,0.0574263820912713,1026.0523704076445,0.19419863289551687,0.45111950729002925
0.348707801456939,6,1.0383963570247463,0.010757404225644418,146.48247255557163,0.17642552430432465,4.353517961760684
0.35381162068497346,5,0.38268952540374523,0.032953810231533015,0.0,0.005381207017756599,0.28209485115033905
0.24596487421089955,3,1.5228988416148257,0.006441200783944838,578.1363714340125,0.04950001047069465,4.622337719117676
0.2549902862749737,6,0.001223270311174085,0.06923004896816877,290.2241816835189,0.075446921856305,3.434498857484277
0.4315716640561927,2,1.9308879737547002,0.009968934117093334,215.80502189293134,0.005510398892732986,13.103847939506341
0.35013613283152356,6,0.4549162209458413,0.02075039961769445,0.0,0.16077040810711168,1.4209408834084716
0.041845227565996526,1,1.7172909343249678,0.012546436455728402,657.0990996842077,0.06602978634787449,0.44637282323100225
0.09551009717152609,1,0.7560615337486207,0.006193781066627206,0.0,0.05834323294288723,0.13813413191874058
0.21555536270355588,2,0.32710342264589287,0.05896674865271891,259.71521081170863,0.03960206220909509,5.150226742378746
0.2590434651299324,5,0.2591714600199688,0.00016645113410286073,1132.044033541658,0.18546119189362587,1.9750373112279056
0.20632095086878555,4,1.4834996099145505,0.029060115769717038,0.0,0.18970546130784594,4.830209067546214
0.13554629676113913,4,1.010127568359992,0.010960882295074272,0.0,0.08222476831540942,1.9290116282885812
0.08278712423989065,7,0.5438691224192835,0.05640216764420225,126.75081186257971,0.11383057865543075,1.6401145199666312
0.1203097491628998,4,1.2601044042992569,0.06745469013258809,923.4869220006528,0.010656664363761916,0.061288815232144495
0.10248252439226858,6,1.3161977696150065,0.02913342903061702,1381.01524459819,0.01945601522970174,9.869742516016814
0.20254302009361141,2,0.21572867688848496,0.007940811944735593,1037.4735740722954,0.15351459969012002,0.4195654093887493
0.462684845854421,5,1.0584766731542201,0.05640615695434499,509.2140716628108,0.034723850453711375,0.45165265064565063
0.10817987642414287,5,0.5716138521579022,0.024367039001791595,1910.5214395440496,0.06656123375555055,3.9701614284887503
0.2218455926519661,1,0.6837307438733882,0.03676893374188832,0.0,0.07147199663319136,0.4913293168210937
0.31615196181564664,3,1.5059753862576983,0.032692783796414465,1116.271952553246,0.06416052515302123,3.8565263249741832
0.2550829223002261,6,0.15404497314733523,0.0630999583201017,1372.6650097255053,0.1679746465081189,4.536205792290122
0.08369515358050734,7,1.9665612051503478,0.023704163609542722,0.0,0.1279715920282552,3.31864493889316
0.15944780396831604,3,1.0450312536321023,0.04801756325422052,0.0,0.07728874330787236,4.738922985079678
0.32491936344305705,7,1.1180061401496615,0.010075393308201815,0.0,0.058604468045834704,6.729695246030751
0.4622078554990664,6,0.6419514673288111,0.055918716854002765,1361.335901685888,0.16733081892105817,0.318368927857807
0.03553455101881992,5,0.46651528290799593,0.05138615135606387,1129.8238808589022,0.025350600924438835,12.84094700579848
0.02057905645991094,3,1.277756811213055,0.07598078357702838,0.0,0.15868998743962967,1.674015373388912
0.3672916843771864,3,0.742469868948239,0.04177946012535072,0.0,0.14325921172479966,4.23031557744803
0.14317244558368666,6,0.8073763549133277,0.04867225820976402,1482.510677606755,0.004939947293513293,2.527493216445171
0.26680408410168416,7,1.9707702805358114,0.04330410530050575,0.0,0.13705083182616185,6.77213908269094
0.1697389800824453,6,0.9236845846506152,0.045296979559791464,183.40044571066684,0.17114719079174256,3.984928618594285
0.020771526299860107,4,1.9709507980088645,0.03375755044869933,119.0669978976843,0.1494374706617127,1.6228483591376854
0.25858606533302797,4,0.6722430716692975,0.02655932507389669,933.099589941008,0.08174502553810778,0.20123256440423876
0.4263172569227682,1,0.5917023304240883,0.013165030129585632,1014.6031503433196,0.03581435623783959,2.1279989049743033
0.10131896315595346,2,1.8986555570909187,0.002595693902057956,1747.5578030564652,0.07720653433092117,12.365579823309496
0.398626044577949,1,0.03526281786804941,0.04296593727226609,1989.5757347683145,0.19921732408376458,5.638309920261135
0.4771054314815777,7,1.252775591625076,0.05751783514451554,0.0,0.028873533093821884,2.443021223744732
0.445708734245841,5,0.07590097252176298,0.01207024374596836,0.0,0.08121203299734539,6.733579302113827
0.08128649830363747,4,0.08787481311038903,0.02947178961768172,0.0,0.020765901583713837,0.11991599047494043
0.4868343802971826,6,0.08769403742192639,0.01874972691230446,0.0,0.09050581037157493,10.600043640772588
0.032104387804993,7,0.5726788851095796,0.07055677411883529,0.0,0.03703140823166492,2.046463608482308
0.21654938877504332,4,0.474388702267871,0.06992367314729314,1496.647445939064,0.1993147911077151,13.291514031551532
0.47618870269797764,5,0.16654176261614806,0.05074295316968382,560.4738912495709,0.1389315192231648,2.3636081441281176
0.1475988752923673,7,1.4709145033508426,0.04411235799247205,0.0,0.03295678727390204,10.954554827078454
0.4142175804439894,5,1.4577674153443734,0.07819642146679688,1182.0711776407277,0.0062442295336799306,6.771450339292111
0.0372471919515273,6,1.9276179392419992,0.03164793454798619,0.0,0.04564509008798115,5.137646933354
0.27753712635725775,5,0.9892677260398355,0.005081871800478011,0.0,0.13567668706642888,1.5926983475505514
0.25687184837314686,6,1.0197553095208132,0.051096846541029965,994.3078374208949,0.16934591371917954,4.105905191849628
0.3953183289351825,7,0.8170974649513294,0.013037781238346105,607.2171041443768,0.04374110046364201,4.621475904513827
0.4192598601262501,1,0.7967225725334801,0.0657270689188651,1487.1102116562458,0.1794787701241596,0.8966958991353461
0.038494983715026555,7,1.163550119555537,0.07015133422530609,0.0,0.0835767419383014,0.5671803525620795
0.39633866778856924,6,0.6192666474167863,0.003124369473004487,695.2781770728304,0.14470735622981654,2.906540939449018
0.3909128333131689,5,1.5023835791146285,0.012029111226865822,1144.8204481960697,0.1665753913926124,0.38211860394667696
0.03524264069304651,6,0.889933313470177,0.04061279971609848,0.0,0.09043791828630106,12.88144013967911
0.0719975813946332,2,1.6380640416727459,0.04582143223020476,0.0,0.01826788312973999,2.3052432214716214
0.2879817191123772,5,0.9999670632096702,0.04564565673043104,1566.271302726148,0.055031798968881204,0.16714348396015086
0.258693779295117,6,0.5250713909918481,0.013786875637451247,0.0,0.019679067285574947,0.06706211431764568
0.44947085461967184,6,1.8082158109152715,0.014781199073708553,1853.0571895357075,0.10819532197740118,6.248514784332844
0.25195649742563997,2,1.5694288612621843,0.06676606919959625,0.0,0.09374709107942839,4.978775314137786
0.47509722985672526,7,0.8881294747885038,0.03641483024275066,914.6215483752096,0.006405098989277019,4.4817336281555225
0.2618133091493397,1,1.0076241815527742,0.051746882927802766,0.0,0.03851590011058488,0.40725547354846325
0.4478061987767208,4,0.5321754717378993,0.03072120237817474,908.0646483578105,0.07909652399120806,1.5882574772950946
0.04866260356644527,5,1.732230756450581,0.004779072458500879,705.8368940444319,0.13673445791410335,2.763726166160785
0.42794528162638196,1,1.7701075060599314,0.03193913357353433,0.0,0.08166497111147879,0.4884805342155961
0.077868321134328,4,0.8917759108439134,0.04351436500232185,1470.7709359934458,0.1929678734629489,1.843827966805472
0.32427635238028313,5,1.291387736767836,0.07972807296439284,0.0,0.05663463006874332,6.787762875504871
0.2604948930549903,3,1.6075481017284377,0.034623433936548834,1829.808062418017,0.11434361759792275,0.19130108526838005
0.2696244436363396,2,0.8377413244920944,0.05252264559224015,0.0,0.0875522441723184,2.234314033331088
0.18522376758636536,1,0.9447172403975346,0.028273165160022734,663.2798273308514,0.024761243218255555,2.4543319195274087
0.135151574231527,2,1.3623081446608925,0.05459249295642542,68.86145075149246,0.044829141145843,4.528155815710555
0.34581600314146455,4,1.3841349685423894,0.016129591904847623,0.0,0.12392353805753992,3.9256962624430405
0.38858938038662943,3,1.5809847124966612,0.01714466097294653,0.0,0.17504132376108114,0.27078819629063117
0.2460356851235644,6,0.320507187871542,0.03417564822379757,0.0,0.08982041434772477,0.5014983554829857
0.06598035908806896,2,0.3912179925043848,0.0488380409082943,0.0,0.17723421987511725,3.1862812831781713
0.015262101081011423,5,1.7101214594344416,0.052118301350818665,0.0,0.08869008369856084,4.903309105732905
0.4763861101539288,2,0.7027180286635617,0.009492467576751196,0.0,0.03796605218503582,4.513864607490224
0.19044751673273944,3,1.4456917506865783,0.07758157705730127,448.26986273391526,0.14423584723767152,3.575626674951184
0.3362446756257786,3,1.1246726547835562,0.005969524445496655,0.0,0.0459465741428119,2.7054081104646266
0.37802453463552516,1,1.7753166569245522,0.026635228833775306,0.0,0.14339554366322393,2.000149871342883
0.3720985320098827,2,0.3114995195978887,0.01313765499676566,0.0,0.06466281339292,4.990540337393976
0.22118673761340307,2,0.4125964744895252,0.03746047270565149,1881.6257835530723,0.13303622744501242,1.6282938988041111
0.33970530062331733,3,0.7638649117383729,0.055152936674441023,153.30864694006397,0.016599296967081442,0.20429201975917505
0.3754425138953453,1,0.9623593182243848,0.0734833868079351,0.0,0.0454226489803257,0.24479722355806635
0.4023319435077733,6,1.6188880877572691,0.014888044955139321,0.0,0.0376055935259637,3.5880621265211814
0.329729896465509,7,1.2720860108758658,0.0798438417382059,878.6961279332322,0.07266783335191125,1.7409659482275652
0.49050876132180804,3,0.45444138819982105,0.019543223562973163,1084.9803955123584,0.09721034380034688,4.7819665115453285
0.0649772965905764,2,1.6137360868456836,0.03442285009990057,890.8095940247531,0.07915906777638383,11.12349842003575
0.19002167899525982,7,0.8974815016950124,0.06904207688961407,967.8478743988692,0.19461221637137105,0.03158031781178021
0.19652744926392035,4,1.7697895412027858,0.04721086053636416,0.0,0.11408609900570667,0.17682676611779802
0.11189664684392721,4,1.3284359445577647,0.0478145702422246,0.0,0.08622188935172075,2.917635224015024
0.019104363686998596,1,0.2338134772303111,0.012332932508316637,1382.4731722497702,0.09733938866932831,5.295527909416186
0.17901811861247158,3,1.67117721778585,0.030451691735796586,0.0,0.014101710690696198,0.2222983482807975
0.3620190760721964,7,1.9657605833779055,0.0028675321859648584,568.9882183155971,0.02676315622246861,1.8785763868333747
0.336744418467464,6,1.9556941746561138,0.034147312749518245,0.0,0.09338911358279656,0.28998674144555325
0.17106171973645917,3,0.7764802346565833,0.036596643330683694,1511.8535791053157,0.0866813333320189,2.74834403487384
0.3330639552456183,2,1.0785965276685225,0.022236652570478795,901.4310757436125,0.05454115996101665,1.069209316941144
0.036005663263969895,6,0.9273595015098157,0.06379269808442957,390.20873434806,0.04810032016759955,1.8282413538441633
0.21693940899500572,1,1.3838046281672418,0.05689657285872181,0.0,0.08329456402595427,2.9144109813156964
0.23214323357795572,4,0.22546106425905799,0.006417423909388172,207.37454510991788,0.19670894504149614,1.9794297161411458
0.05489955852755411,5,1.9669864115995497,0.03340841978419174,0.0,0.10478674838950928,1.9183041298215002
0.36023698566463713,5,1.3510346397305,0.023662917787781578,0.0,0.08765651707304048,0.26127880988381924
0.13535170356453796,2,0.7306785272214009,0.07038559813643618,97.64105314999182,0.19771211091571306,2.8417650169683304
0.20086852810255112,7,1.3713567603323567,0.07240111566942203,933.8020124375006,0.11488160111601371,0.35386493705042976
0.10157154890477206,6,0.853138009423072,0.005782898604025349,1242.2900740943833,0.02402694661422495,2.7376444217681217
0.039596915708534214,3,1.2646820814658164,0.05965392336190226,0.0,0.12489893664863864,0.13292892325564426
0.042981355303201824,1,0.9724173770396853,0.047769950174203935,0.0,0.15450465755532533,0.5814924677958
0.3081006094411556,4,1.970190572679478,0.00594388305887474,902.6488864450902,0.05061424349749916,1.0665380916724416
0.4305408822436809,2,0.7176572138287671,0.0644467399314902,823.3281945575758,0.1877459485676552,2.603347251158592
0.3394928569615481,3,1.8731388498066792,0.015024425346878667,507.73828336553584,0.1709907031949702,4.1048416411227215
0.47207580772165136,6,0.32095295263408374,0.04087088065797312,0.0,0.032755869324556,14.907239105537778
0.2886052685380989,1,1.570934531972384,0.018026298106302026,0.0,0.11825736497617671,4.770035613659458
0.18494496606244323,5,0.7847119209631195,0.01928237858687406,0.0,0.10644275507649885,4.08216719688603
0.013945784596387787,2,1.2047250860147725,0.04702142281301919,0.0,0.12044485676123873,4.563736993637272
0.45687225609277027,3,1.4531414166555874,0.02888724631962342,1325.1396871330267,0.12444822940212598,0.8707178258528478
0.18426773208753142,6,0.3588144818042114,0.016881058318988843,0.0,0.1424233486943714,4.774837607766643
0.35986627261165127,7,1.5304866457215167,0.05846814185483733,0.0,0.1211563528344256,4.921109806040122
0.3763591673392774,3,1.8027854986609915,0.003779327365812222,134.17665284838506,0.1603519935277401,13.933565746596509
0.10118413018108958,5,1.0070700931162673,0.02173060972480448,1051.8072166129768,0.02982556993485993,4.117029703366687
0.4818910809731651,2,0.6417300900479395,0.05652486514583984,1580.3077461276494,0.10659681407646479,0.3635906234525301
0.18778607511616804,1,0.18480286506140997,0.040664709340482254,0.0,0.03563601574692607,0.3242712646481146
0.1996894561053662,3,1.4668829876213163,0.005051936152549077,1907.999120477984,0.05315668553881079,14.501683407630937
0.14188528407583398,7,1.784984920006618,0.009586595736510254,0.0,0.16183407808239708,11.84138788373057
0.061364666266021446,6,0.3354055519794539,0.007357165385401086,1957.2913326656408,0.164767113684421,2.9147940628473137
0.14696866385179128,4,0.46283418658496656,0.06156353739708755,0.0,0.08865311826473558,1.1088923120943697
0.30294268289753895,3,1.9929777323536408,0.06182759553877348,857.8858030704384,0.10092349106133935,1.3734254268032233
0.34784968660020904,6,0.5616379404620202,0.07767358308215039,573.1291207130519,0.0273846331845868,8.623665818714407
0.16028166248962913,3,1.0999779642284337,0.06951995263614422,1743.722482473035,0.005012115041460924,0.07230373200959114
0.2266206784227811,2,1.0676234285166897,0.05999866536242547,0.0,0.15184121939967904,3.7769999423338256
0.4746394195183,6,0.4732870957638027,0.07590406637421084,1530.6809587278838,0.018813624259182215,4.554673239803105
0.43974892823121925,3,1.957334373946465,0.041885230209422114,0.0,0.19943796112589288,4.271022841780473
0.11434085797524088,3,0.9641786890489599,0.059085683090791506,277.26604104463513,0.14220397556321412,0.22480406188155752
0.026102735639618513,6,0.1395069706406784,0.016171408499470824,1797.0648612568912,0.057281540494147014,0.04256051699523215
0.47437172040753783,5,0.6396718465839342,0.02611954621306013,1085.0754597763116,0.07769941143924222,0.04040540658280858
0.11722899201796937,3,1.3312931922889504,0.04079019791632769,0.0,0.11338891143907665,0.3851828196047479
0.3588972179891093,6,0.4715230257271461,0.07157449394661343,0.0,0.04116210203135482,3.6922006863945014
0.15174312992499425,1,1.6986675092291543,0.024052149840413116,0.0,0.17826781728637445,3.431719900637564
0.3727533623221815,4,1.1449464558774178,0.034035929324145356,1933.357627661183,0.046612036021375515,0.4590544202546676
0.33778700795407884,5,1.4196121778079802,0.006010275331505479,0.0,0.02404569455280111,8.38754112224362
0.3594756667571924,5,0.8314557985590607,0.04756787631591824,0.0,0.03144616154895672,3.609130198734648
0.4016490657571484,4,0.06866327174362374,0.016284276494197673,0.0,0.13419595614194121,3.1981804801707083
0.4830207388713906,7,1.5923010160461486,0.006737076325654963,457.33751677463965,0.014346060079733755,2.748029701707156
0.3563814418211032,2,1.8957041461436672,0.0056078639087431,132.5876692313194,0.129968133888325,0.4748093277603872
0.43352595444409503,2,1.5642634489157126,0.05087176937364889,1225.1372491673524,0.13597176203216438,12.673576610427453
0.29193513147169536,6,0.9168276635843955,0.07463648337136627,1023.6645387584275,0.14067279753640793,3.1457400727471905
0.17217827402436092,3,1.5530638855415795,0.07589669725736897,848.5662371573688,0.18163608562685368,0.4490446263932619
0.20214174137267005,7,1.3906162161870614,0.005652703413950899,0.0,0.13400430610980302,0.7243109335150444
0.41761650058197225,2,0.9756497005090894,0.07243687514948138,1955.999546104156,0.19678439316217397,4.44872902796515
0.49961912889171045,1,0.9857583590881676,0.055042970684250306,1222.202349364024,0.1850394987843028,0.2620480260971895
0.4431563495354803,1,0.4870930918438474,0.03094258381921189,1731.255003115276,0.004100777304602678,8.685294733464573
0.35075490133310316,6,0.6013823734474841,0.04908474438492111,1365.7463685042721,0.15679792457332745,1.7251446172300973
0.23259119416928503,2,0.9277880408808534,0.016667381433680895,1529.9716401133833,0.08651849962053164,5.572264074114686
0.2986887340561351,7,1.741328955237512,0.001851700082165104,0.0,0.03775423126934686,11.69481004890028
0.4568948256611735,4,0.7340623512431717,0.06873334898610062,0.0,0.10676929291606585,0.4177642467544189
0.37062768679236563,7,1.2162858847663,0.051364571738992525,775.1669839477529,0.16138303285411648,0.9745953350423875
0.40057866046299917,3,1.8064210125809357,0.04229387545070131,1807.4686317564397,0.12759281687940716,3.871168356564182
0.12519758648266863,4,1.1960916449340468,0.015371427895724352,0.0,0.010422332544567293,0.19235849644644162
0.41824119889258843,7,0.564644794980016,0.014568740987445282,1249.2789738158108,0.025195078110161938,0.4612950676102736
0.04902212858553369,7,1.3031718045356104,0.03391596058193201,0.0,0.014937009840901839,4.956467425370895
0.3716404844569611,7,1.6750119153738736,0.06866686509191036,0.0,0.06216831572985045,4.453303873150631
0.31576979711589126,4,0.5904180017567249,0.022815634102753633,1878.588066296073,0.1560483141027224,1.5920210764931204
0.26761647790667775,3,0.24289053392427284,0.0002753999155527787,644.4793220172671,0.04507813092325427,4.340312249813953
0.31981659599832685,5,0.14057522805983735,0.07585656494523715,1040.2490286470645,0.16803940025286251,10.22260404529016
0.4643585396388823,6,1.757161425251153,0.046956674812309876,0.0,0.10692706667915589,0.13818207793102333
0.3854535144798212,7,0.3330374210677227,0.03504121410064649,0.0,0.17130775341842083,0.3374904484773572
0.3074300004793029,6,0.5564692453282836,0.03231651999944235,1535.0240903149,0.14802301391706615,1.147488684599026
0.058557260677591504,4,1.6691914772566343,0.061680595088790834,1060.876472036539,0.18239826061272946,1.205024604563831
0.35727884295678375,7,1.709171537618962,0.006492739929977196,621.9245737572032,0.13131627776646843,0.31650320926269226
0.3614631277017946,7,0.43082141052428047,0.0430104541282836,680.9173486784691,0.051241390206734634,4.77109468812499
0.18604568872463426,6,1.5633624159192394,0.05594198362683121,0.0,0.19699594557784758,2.7535077092327067
0.19728744113521662,6,0.9345016962880415,0.015277583173375664,744.4305489233302,0.05885611146326591,2.4755099787050256
0.4444404400070943,3,1.530916894493728,0.02863108245805514,730.1416476374409,0.15186955384034825,0.28904736269261677
0.48506801471354444,2,1.8317154836915817,0.07385363485896533,0.0,0.1451076308920601,0.31131738045064594
0.09754028890473822,6,1.8935345709937783,0.042417523825679496,0.0,0.0706928108961704,3.208144139856413
0.46568215213244984,2,1.748340643351985,0.009146059648096179,832.4482932090677,0.03896931932642764,4.732201791977577
0.3929889241229706,4,0.2678549863313098,0.06084271904077561,1048.0002388370663,0.0015018305788611873,1.0020604657317218
0.21393195385751093,2,0.877423097767601,0.034554009707673805,1184.2966402579764,0.17140296545099531,4.197520689656072
0.28730753685910315,4,0.7197970195878451,0.008009895897589629,0.0,0.05381577163138639,0.33540582463300905
0.42501360543674027,3,0.0928087171583094,0.02740890963691787,0.0,0.055178111204496,5.366097158422009
0.22371207895871498,7,0.8336813185207355,0.06710812674115019,1486.6748733962752,0.07047171897446662,12.092620937795001
0.21668142144942015,2,1.1168984013599779,0.009047770247700626,0.0,0.13226465232662865,3.4554127809108555
0.12994193768377335,4,1.0026857608495587,0.049921675199557106,0.0,0.15899380259985932,13.911031441677027
0.1675035152004384,4,0.8896066666901452,0.0791042820186121,0.0,0.15396410227121227,2.3613278814943435
0.3204290714158796,6,0.13883391718027527,0.0005936246304520143,846.3539870345162,0.0942437138505491,11.09246310375778
0.30865578223138473,2,0.7635588770197088,0.02466587374557851,1035.8803210677693,0.0653385159766652,0.3940000521029635
0.40186031301866504,1,0.5232980264892007,0.019131441800118953,1559.5542430706084,0.015840131126746156,5.3685182072579165
0.13406789758167623,3,1.250045997862984,0.049825513828655785,0.0,0.1092040522766218,2.4914174709978205
0.26656428079902633,2,0.9263917559308965,0.07052001778092953,1335.6390832448724,0.14677861628268973,0.31416223858947834
0.34760635850177873,4,0.7684610760786978,0.009269439535310866,0.0,0.011353939543019161,4.129862547763669
0.2971248975629488,3,0.5712210714904074,0.06326849421494832,0.0,0.15770385203870668,1.026254621718862
0.19694473154993536,6,0.6360128387888007,0.027107436126641665,1580.7425381148294,0.04669929092003921,5.8449010424482895
0.04356645192004414,5,1.5802471894434207,0.06266261277251609,0.0,0.13273983715499185,4.550060855624318
0.35075009757387704,1,0.9769389644998705,0.005161008859042706,881.3233502684138,0.14279630879203206,1.3334707316775247
0.11100806992309452,1,0.058116423770046666,0.04170294323993516,648.4417052687052,0.17490597413278838,4.36152372439661
0.0892863901438276,1,1.9502034708377147,0.048953111344695384,0.0,0.19916029849915878,4.280265582243112
0.08318710924091136,7,1.9537229375931275,0.07884098323107827,1017.2678783422155,0.049968754313088865,2.3897022731214608
0.11091483591142656,2,0.21220971143081524,0.03095516328270036,1275.3508518241347,0.1417987289588869,7.889535655280361
0.2690178331190452,1,0.045243114254201355,0.04719685171808709,1586.3978104372097,0.007822741983047554,14.184516719271222
0.2850812828456426,2,1.3232097632418194,0.07627088580248007,0.0,0.04993939231178519,0.3702737724876627
0.18306272670395665,2,0.2659045415319339,0.011176815251932669,0.0,0.10872444299469096,3.2468504166214975
0.29172789392089954,3,0.5852999290771084,0.047084145165654456,0.0,0.1127482654877728,0.3152376804211875
0.2697802835117002,5,1.8847627294684108,0.048752633359704374,1361.9418834587589,0.09998989405108023,4.208468557348498
0.12011850564413201,2,0.8039922747571129,0.04093812194596109,356.882113018288,0.15295345731466198,0.2571554702686215
0.3736147202727944,7,1.7216024066644258,0.03924213896203786,217.0070984544184,0.036547710912250175,2.726775805189437
0.4832095136057524,4,1.7343281932353538,0.012929331848382254,1850.3439116791985,0.13520494559552584,0.10157345732871949
0.13362971023928963,6,1.6593714231127354,0.051645890949853696,0.0,0.10063266140432105,11.315781094790864
0.20509314912782184,1,1.1474630876443803,0.025715961443388596,0.0,0.12181026945930759,5.9359780612665425
0.145126693069375,4,1.3873540729038443,0.03115308340392832,0.0,0.18626360993432603,14.49153053348051
0.4724066724568911,5,0.20133277303868602,0.035551002528971386,1527.4449520708677,0.05847610546538542,1.8633545158812412
0.282291289308933,4,0.18642294154973915,0.026734707390037568,0.0,0.011268906078687052,0.12078764922723235
0.4205296394969553,5,0.08079936055393366,0.026399664288863534,1067.4250532656238,0.08398337225132785,12.667092621942446
0.39516117276964263,3,1.6222357454813903,0.011088119847856142,534.9955798587819,0.03445326538002061,2.9214362096277666
0.1159308128655472,1,1.9333073426554848,0.06789436517668454,947.0235893073806,0.12513764552025414,0.8497038906000074
0.20652396222182345,1,0.34238335918105034,0.05045723369595442,176.46332171486108,0.054119507371305504,1.6019983826464106
0.12914922701976597,2,0.941718034120878,0.05338337453824064,1338.084286972363,0.11683709052422582,11.320731105670358
0.09112502245131247,4,0.66453943749309,0.07578708096646213,1966.0462325260116,0.13875454105443874,1.7638730000555554
0.3350257434004957,5,0.5744884703563911,0.012390128303536736,0.0,0.1586549972816095,0.31215916943346966
0.07645948686369547,5,1.5495284194644838,0.03588125657745854,1806.0052103031164,0.11077770048351154,2.4602891574647723
0.26299483453606776,5,0.6235415748322408,0.024754162495943265,1054.866854988141,0.0012718192491419581,4.988108068991199
0.1530839442405237,2,0.4189368636104711,0.0030611315991441045,1516.795296103296,0.04716478357640719,10.022801292685278
0.4760220656706401,2,0.5403889189939883,0.0749905237252346,0.0,0.14546150558595805,2.851451740900881
0.152839777228335,2,0.4262456002111168,0.06939484818568532,1539.1820458769685,0.19140838151210685,4.92174496132135
0.1627643853095435,5,0.02199680214091959,0.0677074447100159,89.48480592581507,0.10902221813160194,6.813879870312805
0.1827960115629781,7,1.1536395751825044,0.07291156294458272,1194.2794466388957,0.07603955160311264,0.2507349939658632
0.3785189243894938,3,0.24134689920316355,0.07922854061804993,1104.7945987033654,0.09579653438344511,1.9689401683545718
0.03463860647369448,4,0.231125592946672,0.06741017590901065,764.3789601818972,0.09128029954645239,4.717188528465946
0.4481059490426287,7,0.8123395319144695,0.0166426877704842,1600.1985885931272,0.004864519543281567,3.980419505272158
0.060758440769694284,7,0.10594354964073593,0.06257560680544591,664.6387259759808,0.14446557712004038,4.7025453708678615
0.19020958935558918,7,1.2052325538693818,0.042016485556567076,56.176262569880635,0.05714020961461593,1.3023196773644856
0.45485460152905155,1,0.6998234164399353,0.06314735163134441,0.0,0.041798825749545916,0.20530313239901696
0.15267730227118229,2,1.379377361324582,0.038322156718058706,0.0,0.09409863553497674,0.464790717268486
0.03644658994994737,1,0.4998821692371187,0.06532978929218441,1840.871276595148,0.1580405434302117,4.304129704612308
0.06719517180127095,2,1.0726596505722121,0.07922996183737696,456.9658114765282,0.08171364587672549,2.0480616872203514
0.38262365528633446,1,1.3063672041608796,0.01623246364441423,1326.1122215114235,0.12540720046225154,14.072650805944772
0.07641955910697976,2,1.065265488057564,0.01794421014599797,0.0,0.1225794021178192,0.48564552640573255
0.46014985456320256,7,0.8621704357180362,0.07453488020069564,0.0,0.1856998164432628,3.9224434309511302
0.47599098608041795,1,1.3551304515497522,0.008230899625764091,1779.1730418692357,0.04894105740991292,3.5406944861177347
0.11926312272286334,2,0.13889565210880184,0.0476667917520578,0.0,0.06567249450186015,8.040452696358075
0.47051505489568146,4,0.6291244809230649,0.050272599715084285,1027.706147609524,0.17654102175163694,0.46343157415815417
0.10619082194874993,7,0.7496673971543188,0.015161456366036568,0.0,0.01503403747836042,0.041942342038401755
0.17456643536410227,7,1.628357793274761,0.008469860445801683,0.0,0.10123183711079141,6.474839747372675
0.2783574349110497,7,1.7211904494319026,0.07484524481617758,1323.0153765329037,0.0872903969772404,0.363576480486995
0.4964412791929886,7,0.2097424420224292,0.002709812817728503,1092.6774005954317,0.06711550167370917,4.809665359594833
0.1986077482378358,4,1.3933329353273238,0.01894720294955276,0.0,0.18446360645544357,9.051464383580896
0.028770538775810983,6,0.5678365818367781,0.05032977754711996,1285.9641845406882,0.14373931141448923,0.07939022973104815
0.1861468913953342,1,0.05086468272388034,0.07865547277984881,1150.537998733088,0.19861967962675478,2.8282108255405274
0.200772222900179,2,1.9860160725683287,0.014653252359510968,0.0,0.058495444531353524,14.882885893539061
0.3994979373561838,1,1.3196202296027923,0.020728640538824106,332.02049391138354,0.08001657721395498,0.16258374610335047
0.05326630915275892,4,1.8918557225921515,0.0405979483730726,706.7459380153355,0.14347582192374,3.320616336104629
0.2571425216381846,3,1.3842107956278344,0.020105517490105234,623.3579894024535,0.0749494147608704,0.4529842643042097
0.15019489138165287,5,0.835844411257842,0.005300806644872935,0.0,0.06368912988972347,0.03450307709649405
0.17207156072821722,4,1.094840103746112,0.053535795950304055,1410.7160155652934,0.00778547447168389,0.6500466403653129
0.23309692539619828,7,0.7709676001008492,0.0276267452917462,1719.7073290948863,0.07569965780323662,4.1532366987341085
0.11375824172809011,5,0.3831879358059902,0.04412273997170885,195.77780110747162,0.009573759015215996,0.3313419705642735
0.2055065291684211,2,1.4208716164817385,0.012776700971373369,988.9349316963826,0.06161775111667338,4.666702335678943
0.36112050471538026,4,1.4263375260005662,0.041936617515815906,0.0,0.16939943629996682,8.960718539166901
0.29841771698998915,3,0.25708135500329177,0.021394245808736567,1964.7031562320958,0.15963062917400808,2.041981986610116
0.33405810511902234,1,0.4074065833131526,0.06105518965755958,0.0,0.1416866678026185,4.938124354123479
0.4999514787345235,4,0.6791814827916527,0.01160506688741231,1748.137094941119,0.004977810790033161,0.46162058049782506
0.07020538481592677,7,0.9328941795177823,0.04606148652418275,1922.208726378696,0.11088503567801249,8.198202868008465
0.22466933750761398,2,1.9506336343098885,0.05650881670700923,0.0,0.14115849148822848,4.853973612809036
0.1459198760595726,3,1.2232357655083261,0.010628939874201998,0.0,0.009383419653646047,0.14439014125248617
0.019569347345490325,1,1.309952646124052,0.004888566277514644,0.0,0.18270864859699035,1.8744687603268575
0.46315468480390704,2,1.673278034813933,0.013057597276005719,0.0,0.18172162283003795,0.8133867086509339
0.29406739969027257,5,0.06277201279373013,0.009321923799260334,1523.5387643865197,0.12125930884814136,0.377314520923795
0.20994218093538314,5,0.11695852723182276,0.033488289390717456,178.7887977467135,0.027883816762466648,2.8473718846579326
0.08929604402146236,3,1.4738441245659049,0.05813096226190781,0.0,0.003654270922068011,10.815877329606897
0.09870570076424065,4,1.604687997963906,0.022542839728364693,851.755444012848,0.04763202660123558,4.0885902066768045
0.4179212613275107,2,0.5523725798511179,0.03182233738509182,0.0,0.035878256365258945,4.842023555650169
0.14045165483488387,3,1.2955419768280092,0.056142061639004245,0.0,0.19446447177248,1.239532705527205
0.020056030739132494,3,0.37060816704786914,0.0031361199266021966,0.0,0.03895920846683974,2.524722317388751
0.3607784642965372,7,1.9487171992317773,0.021687595446390644,1860.513872170556,0.1375710657607915,1.5069765608834298
0.27221379815664953,2,0.033412183823131825,0.014277767537129789,0.0,0.08518872658149375,1.4740707825378034
0.19743196999142587,1,1.2449037489806904,0.025973510231476676,470.5431616439571,0.1733552056996039,4.750534686120137
0.2915521623551215,5,0.6953533466290001,0.032973960035487394,638.1604373163993,0.17364928624072984,4.485306765008254
0.3539573508910074,4,1.6798079091131313,0.005107310319128056,0.0,0.06197019587131518,0.268846895144829
0.015734287137337384,2,1.7240282138232803,0.06176168102653597,0.0,0.19477439938604715,3.223477778130687
0.46168162221653314,6,1.7434927543851144,0.06060394857151115,219.2689187435387,0.005306497304942352,4.384102831354225
0.29637631742891163,5,0.3409697277921422,0.003322821676490575,0.0,0.15214574086169755,5.975482941290997
0.26709097687551503,5,1.6198900183058056,0.048842994184538586,0.0,0.13683375275634055,14.055845845974039
0.4371177655420612,6,0.9063361846027995,0.020233526141109133,105.51889045980127,0.13835844258824706,1.1492629280993714
0.09129347170733781,1,1.2950379745980916,0.03501677171333913,0.0,0.14833254985906283,3.764370338539031
0.10910783006516632,5,0.021445605788770195,0.024408971174272737,0.0,0.1672141428282148,0.5507125078522923
0.18264974179572463,1,1.8524641387016294,0.02626754757227558,0.0,0.09338834312442067,0.44548135601575156
0.17561534503810702,3,0.2543543963837547,0.04303677053152792,0.0,0.01937893518961316,1.7339342227711014
0.2604411101919994,4,0.29032741672254536,0.07465308092399042,1276.3217692069888,0.12879502515092445,1.1390991985451917
0.3783591453667366,3,1.945715458969483,0.04299905222673533,415.27130841872514,0.1271238515825511,3.4336987676408772
0.02278081047551369,5,1.8128942637880867,0.0001802386090338981,0.0,0.16017196112846893,0.03478151541162315
0.3093011071862556,3,0.5913171436861964,0.07296544479106547,820.2727565267091,0.01995715105946573,4.805456977466826
0.1620780541831989,3,0.6724519459841984,0.046870730404168726,672.8833492398527,0.15011617522280865,1.7631341468619819
0.16838191246117956,6,0.25770233302243106,0.060222531436868385,0.0,0.030965518326581135,0.4179093184964371
0.03156417253950799,5,1.6387956894110827,0.04419283734944069,1979.2610529761325,0.12251777125972374,3.8949216312196757
0.12374808665901305,2,1.519161500030145,0.027592383599528186,0.0,0.0636606674576322,4.843524467775608
0.35200025843308236,7,1.6316783423553873,0.03153665238805994,0.0,0.14205245329611188,11.24986650276338
0.10232309448728193,2,1.3246310488842534,0.04008562565658217,1387.8481303112312,0.005442251706645806,0.2803585314978875
0.10360738410243768,5,0.6644183479575176,0.02763879930124304,1809.475813043824,0.13794643337330992,0.04845310288718983
0.2875307224927425,2,0.3868591833599131,0.054515670089585674,463.1397524779897,0.051943128484788846,0.37625917250440877
0.20921513667759303,2,0.41367786936387385,0.07771557960371489,0.0,0.1255852113474355,1.9546305615429633
0.44491846893094794,2,1.0958926081412188,0.061881380181703534,624.1909408705284,0.10621946129641607,5.682062347427255
0.04836566082358333,2,1.8304866200553644,0.03703261507237733,565.5950424091039,0.03204674938868405,6.095061805201639
0.3892704398258411,4,1.130584819035795,0.044151611159931665,0.0,0.16906965838604487,0.27448431889230474
0.11640523941924183,2,0.8578899956206594,0.008768944639894177,1069.9825169450692,0.18273037907005205,0.329697043424492
0.1604077059440439,7,1.445950387017241,0.042492298471940214,233.93198847095582,0.10620251060319441,4.876787584503378
0.42998779580571184,4,1.7849109162948673,0.010287339298035682,0.0,0.04936957511098987,4.112597441776664
0.3821116089745718,6,0.7221193965563903,0.0015546137926798309,288.2836855670141,0.10901936823397376,1.4056862101740162
0.2476758073667816,3,0.4253841215402596,0.011981450187298926,423.4754768125338,0.17249217232390837,0.4387463721821784
0.30372255527400016,3,0.9667013267777664,0.028741101978047804,0.0,0.05424516099321997,4.122403721305446
0.16227073801974332,4,1.6483250778240532,0.013337048929354198,1798.8132917195455,0.15881983423813126,7.313016869475948
0.19005522023393423,2,1.7396480177740627,0.030136416193273813,1471.084843748148,0.021729974605745623,11.821768336995051
0.02582793732852074,3,0.4405323063675768,0.040585931934476197,0.0,0.18475791465736058,4.48908956682738
0.253833832009077,5,0.5215827710489098,0.07299012909845747,0.0,0.07394578225442656,2.4222021851735347
0.022168859665207014,1,1.8152925319766604,0.07853107450298345,0.0,0.07413764109346871,13.615281302980383
0.03209506623657524,1,0.36248954309687664,0.07952100288745748,0.0,0.11231017489603046,4.716790945943253
0.4251565727056516,2,0.10554916519856361,0.05926901039694188,0.0,0.13427987541987696,3.7663911987191274
0.476423064822954,5,0.46570950289383184,0.034248221672620274,86.99373565696584,0.083449411400217,1.3936532742212422
0.420901956521531,1,0.00499090720165829,0.06656706541446646,0.0,0.17705953327836865,3.497824997827655
0.18900658595077327,7,0.3841252301644249,0.025205876929106585,0.0,0.029552374679376034,6.091126441855775
0.056908291570112166,7,0.24649254450058122,0.06904063051993607,0.0,0.19542583766037896,0.08185147953316671
0.2927161108406296,4,1.0934077442057917,0.01664030483402409,1253.2533366959078,0.15987199137733138,10.10104940653566
0.250244644807239,4,1.4584151784596262,0.028493693795349967,1190.953162355188,0.1976872386833463,1.508839478340155
0.29811503053772775,1,0.2407295235604594,0.07279528427138951,1431.1398100316103,0.1637596606836211,3.538230930939501
0.28469305464681166,4,1.662311309112024,0.06160685196963866,1992.1494141035678,0.04890816484730443,5.945155013500692
0.3578021023923872,1,1.4960072979377381,0.014015828339052901,0.0,0.023856357797700137,0.3201950985483325
0.3076660905500154,7,1.2483922015789626,0.019835611500326495,0.0,0.14203723390268458,0.2400453931476485
0.4714499196422898,7,1.219240567597762,0.03763170822751778,0.0,0.11504106104486936,0.467108957645163
0.3165646135904201,1,1.9003792339947976,0.06817111202076465,1748.2596246861526,0.04494565004891295,1.3335723640447437
0.40952738170087805,4,0.11302188184903961,0.048739068445753785,1327.7469201362442,0.1791996455447264,14.806541915625388
0.4883581061389218,4,1.068563490456635,0.05626504651742213,747.2753468677348,0.07766639774114585,4.659832043226446
0.375260830813328,4,0.6740652531035223,0.04189093393098516,66.92452111195661,0.14238672758962326,1.4377886609727644
0.015947618440211843,4,0.09292295444381926,0.0012592488893374387,236.30230871975553,0.039606361068627395,10.710283912504526
0.3204798942603956,6,1.6624413256147772,0.05394019834278808,0.0,0.12594648440628495,10.907680595764829
0.21810970157159265,5,0.21078694790172658,0.02166688301565326,0.0,0.0027275606360354235,0.4438289758440618
0.12753828892766525,6,1.3385157674147337,0.07327632679775863,0.0,0.1925306412175288,2.2609131955556006
0.08530360373003039,6,1.8955520629349423,0.057685208584230985,0.0,0.13445691151896266,1.4845493561341256
0.38163888300371207,7,1.335321046254712,0.016432506447984697,0.0,0.15778774223894748,0.38260903940041957
0.18583279616143972,1,1.5332349282586293,0.004711706034217214,1887.2828607296733,0.1356489606184537,0.19924234503236884
0.24384753865637632,2,0.43500813348089284,0.05695877167833728,571.5887024051598,0.04743861045835181,0.15539913739648067
0.2725382082896501,5,1.4106704336226024,0.065576929820266,75.22693993694419,0.03684726839930905,1.5516051603712067
0.48169954871143944,7,1.4619610502864562,0.014217014270840576,1656.1615597828034,0.06942422046808475,1.666359594984598
0.3858861349781996,3,1.5103710196390714,0.0014721243744144452,0.0,0.07362989260581115,0.3125301563792332
0.03490772828172042,4,1.504515852947652,0.07210038376823454,0.0,0.09363848105751575,12.78579454135216
0.2027986921827368,6,0.5474717176996773,0.03729566441896336,1768.2594005609733,0.0370998226564359,4.715714628566544
0.014308380387276703,7,0.6630553820629939,0.014018201041362399,829.953490719927,0.10166233162935275,4.593370650379952
0.3567008872587078,6,1.9507617479348236,0.06129090368113221,0.0,0.12425448733529805,0.15520561081185574
0.3620113399057711,7,1.3151097516666777,0.018385633642003567,0.0,0.006420183414258602,2.280968744751672
0.2805175811778114,6,0.8179943708190258,0.0017777152608306147,1495.329134176586,0.059554471640770705,4.963355578614688
0.2924080763609833,5,0.39141962867213587,0.02943287502528566,0.0,0.16806488908872022,0.7846431389343157
0.18878512856700153,7,1.7993852405552127,0.06251591117752116,0.0,0.1389129041107755,2.6399877890107124
0.34886359974451614,4,0.8086221960408786,0.03955457606631906,0.0,0.1971293513509649,2.5201915044508008
0.015936482353705147,5,0.6823638228167324,0.059801351739800515,543.1928559622377,0.10834248279471731,2.396552208695512
0.12193216154895947,1,1.4588399865085135,0.04465141827525242,1101.0344177293236,0.1417028116796747,3.5114180223009446
0.0695899363290285,3,0.7738916998506045,0.03759920710548695,0.0,0.004706910016354076,3.144732275301882
0.3149897945141321,3,1.1967578863989927,0.03438198675530929,1779.2792380358333,0.0330557651365052,0.0312825099211174
0.16386018404994207,7,1.6269247862694485,0.02803138673975407,774.2326609699993,0.12164356827200898,2.3224674691230174
0.261264812257495,2,1.190019555036802,0.07989231348871022,55.20843706694343,0.15928028395474159,0.7864311665058235
0.15503177472094196,7,0.468321480203334,0.0791319928533338,0.0,0.08383605697702395,4.442079513428492
0.0352230851928969,2,1.9993126179126774,0.06223546422619407,1401.5665661167616,0.08184786962780959,2.698615152387703
0.21426619384857432,5,1.5866744438559115,0.056309530315169304,1574.771575004755,0.021696134490261677,1.6703831126140085
0.4679477678942514,4,0.0899622754910161,0.0023352672395574457,641.503995670225,0.14876489532863763,6.393911737303507
0.3650161909036727,2,0.36165066230474774,0.0017520860741094336,0.0,0.12127045324156233,6.334205532154417
0.4598256648730666,2,1.018457627696222,0.009268163064109406,405.54108698238895,0.11982956355826803,2.6079587541819214
0.057874454164742635,5,1.5292537820555896,0.05101402859814521,878.3310750621678,0.19846963584878757,3.993249897315488
0.02259538145373389,3,1.2545532811930284,0.011640771651625689,0.0,0.13129774317274387,4.383832993657581
0.0984484887237546,3,0.0675311544409305,0.04127909599766858,747.5040069783622,0.15275266342061836,0.4427462026439274
0.47816800609130594,7,0.17471962932827556,0.04379049867755481,0.0,0.17218092180413858,3.629797144062237
0.3299078155553783,2,0.3580824769015247,0.019351704324755838,1864.0846400949347,0.11520243656228626,0.23701258820099316
0.20129606457501542,1,0.8782016114986217,0.05850323088527106,1512.5664909964626,0.0889511057069651,0.4089849586285538
0.23574570819147206,7,1.889634143100014,0.06365977662316082,225.75065352294203,0.036723425754436226,7.133701571552944
0.09283613178202631,3,1.8267123950697806,0.038095477084524446,701.9606218097096,0.04607920040017287,3.2696460061784984
0.20183450932064248,6,1.6329205068656694,0.06172561363876269,0.0,0.13836761645678308,0.46794489759901936
0.2796877853011027,6,1.8490048596957238,0.030322420931678425,0.0,0.08418085731812316,3.1711826072669944
0.14661345156915476,2,1.8271251116786058,0.054530199868782145,1971.6894136146234,0.015964114287706253,1.5759292684397683
0.318908967709692,7,0.2330414945827528,0.07116872218525178,1276.6091461349322,0.029346084132654666,0.3596810948527712
0.06735766489264744,3,1.9751076577231308,0.05138878589734225,440.6812595047755,0.04996964238549114,6.352353754948079
0.10364215466580468,7,0.9749522893068832,0.045340233209024194,0.0,0.10320647534878674,2.7146176864527627
0.15801572138669318,7,1.4049942336478236,0.05303967171191206,0.0,0.08343460605267969,1.5592325312898856
0.23448779783282844,2,1.2112226149732872,0.03511439548663714,936.3596349287045,0.18009007919800837,0.3979636812443663
0.41915620907188883,5,0.9481262483090154,0.051571360528507935,1154.4445111899045,0.16015745210056115,12.055682020755667
0.2909296243056411,7,0.7489557965091751,0.04523541868120946,904.3043398127737,0.19205159687718992,3.850552378446424
0.21532539437122247,2,1.1495524913445416,0.05606387692464307,0.0,0.05656230025388942,2.1872351585869114
0.11922647762653532,4,0.11060137265669678,0.04733515789944871,1972.3126339596174,0.18857545264110542,2.8480523506000965
0.08914672192663801,1,0.7808069673943865,0.005699899032831421,1955.2511259357589,0.19488842371405177,0.3924812333103894
0.40338819168260165,4,0.32566429165892563,0.07126919656286208,0.0,0.1605001661739617,0.2501620720327678
0.4588187317781822,4,1.4385426075774086,0.03669792430644635,0.0,0.12130801051111251,0.45213232812410686
0.23790338855560617,7,0.44655825386480386,0.05489532003876817,586.025928634429,0.15801315776791125,14.206750962396304
0.08899408282000126,1,0.5999269017629822,0.04633124005707514,1452.6789799192045,0.013402774974431386,0.8859774023927978
0.43204562213759534,2,0.6757842891869208,0.07138239086851854,1078.2091118656842,0.06579728691836503,0.3233074681053538
0.2289781384277223,1,0.32139865296540715,0.03789318055617506,1997.6196113158974,0.050877582516841574,7.613886808010255
0.21262896450196075,2,1.1830204395380035,0.048865776573114125,660.4825791595053,0.0077350297957675665,6.289050538816374
0.36369167123316665,7,0.631535118450341,0.06861176971377496,1239.7985136033203,0.10015518414314982,3.23983962599991
0.4920007531104287,4,1.6050871379531133,0.07417477960481673,1801.7279383981702,0.06416366050263486,13.123952417460469
0.420216035983349,6,0.9250472628211805,0.016310713754946127,0.0,0.11226851549911068,0.11795448804097608
0.22378975916901053,3,0.7957160364745122,0.0671952653717531,0.0,0.0839714612379408,2.0743312416367674
0.16076919939000583,2,0.8201248969571411,0.009923479938749145,0.0,0.14466797109143045,2.3800265209095244
0.07189092015303855,7,1.9429841129464276,0.027932432117428147,0.0,0.12069709764201333,2.5493126159734896
0.3187358434318651,7,1.821207403549437,0.0328302700311168,573.0194893829931,0.058024847804880354,0.16445240288029797
0.041276057899422375,7,0.7915077004471902,0.010088798506944512,1067.7359478305211,0.04117852852658791,7.274756466462913
0.2105215211012079,7,1.0715932923738882,0.024611008648007172,488.00298709349374,0.011701250461794436,3.3848882778184626
0.1769622842983963,5,1.8599656353231528,0.026293210488435623,1788.2560024653449,0.06994342616004463,12.107736831667975
0.453097609964383,7,0.8146875043403745,0.034652657547775786,1400.4997834529488,0.050281577292085454,0.13827280180966356
0.13914630570090356,2,0.45991476861397085,0.017241231868227427,0.0,0.0826126627578263,4.409417240274956
0.30951470814715115,4,0.25193355260937267,0.06686744198945242,175.8187016404073,0.07882270695113255,3.101180502329601
0.2661749153394336,5,0.6058040904181057,0.06234453209507452,0.0,0.08657469388165695,4.668633362381051
0.0361922384243851,7,1.453006918813925,0.07576876913164714,0.0,0.14869362862073612,0.326685488757961
0.18191543378556807,3,0.027630952943925147,0.07184157929707827,0.0,0.046869005995716216,3.4685151921481023
0.03192858740486572,7,1.7889572495335517,0.011847027043212818,1785.778154785781,0.18248174739278192,1.2926351024337948
0.41054139051479616,7,1.5343426603436174,0.044293843334368865,0.0,0.1822321143889536,2.678246611320522
0.32233995342388205,5,0.05726340946728303,0.07513273860440954,0.0,0.12328921725529512,0.9830538102555941
0.03352581414850441,4,0.09992392934367977,0.02309216386503727,0.0,0.10731982683378047,14.822217238041521
0.05805399125411365,6,1.4016049626038878,0.044011173986025345,1635.7101068892116,0.08741132762160145,0.4717921441336884
0.27717844235096006,2,1.8668228591035023,0.07452669250482104,630.3422782067809,0.1994256131685351,2.3379650460142543
0.28432003339825895,3,0.9040254933879546,0.024956000734865286,1157.0789209629875,0.1628377352732579,3.8928087230544515
0.43519311874913047,6,0.2293264122839207,0.06739633634980116,298.38326342930947,0.02394719191421958,0.3829574320435397
0.35831976999847776,2,0.356747326954058,0.07749526219445156,0.0,0.06652810779416841,0.912738268943462
0.31623212337567574,7,1.6827191979186646,0.0028241803611255725,1313.9501386174782,0.08706419425168899,1.0523342590654226
0.26188570309383835,7,0.011277247000775148,0.03324977679388409,0.0,0.162023830218905,1.9905193233273355
0.04454210549775828,1,0.39057430203201915,0.05091560222790057,1151.8505932662865,0.12340953464067181,0.5761883761594611
0.4510474376169277,3,0.6580211546148014,0.033940949090286,1027.7427875334135,0.05467045228389107,2.463954986726362
0.33829797802934647,2,0.7789033260487006,0.05172437095315611,0.0,0.11875845032616668,3.9142439037804895
0.0396928712666218,3,0.8802318151535473,0.022560205554096147,258.04563757107917,0.18357557988540596,14.087568169332881
0.37240889931563004,7,0.8762751427391335,0.010512429744437099,699.4249256274129,0.11748077783612236,4.642772379015405
0.3802183856622664,1,1.4268381218013433,0.00596415078961857,993.903582346804,0.06269504086085918,7.825434350960114
0.1513365565967408,2,1.7371782831220035,0.06855103633642855,169.73588762594434,0.05016626243941757,13.989910560520938
0.23445374256071497,7,0.3502812677722995,0.0774728630952921,0.0,0.03899642008580235,1.5927993635020146
0.469998089397051,1,0.2617221326493211,0.06380972117476272,0.0,0.09884378128878354,6.934245110426925
0.1285234775115659,1,0.018507840433926948,0.07810158440263618,346.0947190082875,0.01030524274842208,1.5570057468731906
0.15757111313061703,6,0.4476198501910613,0.05889647814841804,1936.0542381310963,0.003883247438421564,2.776071202038417
0.45231955918200506,4,1.9012489385406333,0.011851297417790053,1306.3320886408699,0.11393134569673151,0.6064446789424074
0.47042320385929326,1,1.9820963455979002,0.04592976750192175,1371.960423799766,0.16431946642092665,11.588180982080534
0.243286375929072,2,1.0326036417525157,0.00155324479012525,0.0,0.011583882951962748,12.252231627851355
0.498096433394527,4,0.8554510307086385,0.045286912085446274,1246.6708845199462,0.06289930205002457,0.995691378108321
0.288807959004799,1,1.392443830009734,0.07815785301804154,604.9324411429154,0.08457112940540935,4.334427581211704
0.38797168164738965,4,1.403006915374981,0.007229883037798715,0.0,0.02812851516995469,1.1705103717399195
0.14603246806876088,3,0.6746575536671842,0.07712165783657826,0.0,0.15397347084471544,8.389082032837228
0.32757418801757626,5,0.4457326197848812,0.07681403509746666,1949.5415783749067,0.1699308805849018,3.513034164443646
0.40793252581425704,7,0.37449389787744725,0.05442817537215132,0.0,0.15931947950463377,0.34395183977981536
0.32841294495848417,4,1.6002758847678833,0.021463028071106605,0.0,0.18348782622318963,3.4487112865893694
0.13447356936568972,4,0.848875208001787,0.056842333811996965,1952.5216562129795,0.190517949287852,2.397621711731818
0.06367293643891192,3,1.5658840817573845,0.05937062284997101,0.0,0.1882519582549271,0.4970024410330952
0.3715709372562053,2,0.8966726829163612,0.029187284899061885,1678.1345662667393,0.09645766416947672,8.476529475832969
0.39505587870622966,7,1.1737786348510093,0.01556768742588365,1268.9868933175635,0.15983254952022918,0.1287495612673601
0.08568557667119818,6,1.4320272818656872,0.05231370959406012,397.42880124453467,0.11783356765754444,11.107842698045378
0.309554810006947,4,1.1471521755040321,0.07967339319019072,876.8593689147096,0.12735441909098993,3.7432195324574016
0.4698093953553618,7,1.647824254913258,0.07135419825008447,921.9560657049293,0.1316163983494004,2.0782252287147465
0.22148175119285804,1,1.0028814942831057,0.06512477395586737,89.93299919257869,0.12641739326412615,2.554830451180137
0.41100279639624837,6,1.4538818878773125,0.0009501592593226338,0.0,0.18483844272161318,9.861644657483968
0.3123193576249567,4,0.8751306502942853,0.01883601165015545,1107.4657710721656,0.13282073347015055,1.9480860886442395
0.1743763379291664,3,1.6355024944798082,0.07484440953593471,507.57114514099584,0.15228189391630575,2.4821676018428636
0.14443158028913117,2,1.35863473131339,0.008848844904402383,0.0,0.13707023240554028,2.9816000812056425
0.09900409689305807,3,1.0149047934737134,0.003167645743926224,1646.1729898291603,0.14543828361816266,3.109254051516634
0.49839682489893683,4,1.559368730731156,0.0465123816170926,1664.2162074315922,0.19970649748492894,1.4204478089522077
0.2568066474904196,3,1.5355431403869446,0.05491962790519594,824.6040374689356,0.1742682059489746,1.8466376252401848
0.31837420627750807,4,0.7130842864285445,0.07524474086054758,0.0,0.019905549602763202,0.2671691017467472
0.3244386263193011,5,0.45785258248835414,0.021866716778894492,0.0,0.03626981955391819,2.7442271129360227
0.40069125201207856,3,0.7985507680311543,0.05967718779826076,0.0,0.06348892733872213,0.24379663106423075
0.2804820971438056,5,1.043625757495041,0.040833480786893264,0.0,0.14379180688937843,2.7872465177442907
0.4915912628399457,7,0.1193477206742144,0.0377746885307574,1716.6322557810936,0.1467374648599317,0.12830646121316458
0.1628249652653244,5,0.3980888494387129,0.017876304974740256,0.0,0.12829446443643086,0.29908904060317854
0.4114502557792105,6,1.5076525233860565,0.07050841922445997,0.0,0.07001364173781274,12.807878459797925
0.14846950794339087,6,0.09196483201274441,0.04639247506258796,578.2044078759512,0.1337465754321057,3.0823467480600404
0.1984372172214961,3,1.6457110472904812,0.020384065958165082,0.0,0.1803872934840001,1.386785903199423
0.08833564106618771,5,1.0818631613652767,0.07635086655450174,275.40412776301287,0.11206968065961183,4.077210365558572
0.031884886590141666,3,0.7928123074513123,0.07372913786243557,0.0,0.14333334846710605,4.986099001839977
0.3867390826380087,3,1.1742222541160665,0.04236255071553644,0.0,0.044472729559629866,10.023654889227101
0.35597739475979434,3,1.8254532521767952,0.0043811022020660405,0.0,0.04977869237729636,0.92700128857663
0.20034703717498586,7,1.7898647573316424,0.07839522036518436,0.0,0.05986152195621044,0.3998737812247045
0.16261752301389218,1,0.592660502183713,0.010989492365992223,354.0735450663526,0.09310610677393748,0.3772036195673294
0.023508438009564363,5,1.03343750788999,0.014592751861209782,1995.0437412372169,0.19388478023327604,2.3814847525388965
0.17527724394161084,6,0.838516196851228,0.0709655810332588,0.0,0.08026370134566328,3.9704046306648513
0.4590680000539443,5,1.8017884164706457,0.011320424072021211,1305.1435661655282,0.09303090774698335,8.33212723091605
0.2684150549180511,3,1.83565410751439,0.07070754433474742,1894.2929802863223,0.10793845839482781,0.035195567387594474
0.2768731372527505,5,1.9235830076224363,0.06671594047570512,0.0,0.0056142929157234666,3.9912320827163126
0.16381225105193156,5,0.8938760747301766,0.06088164833723575,690.6434773626015,0.02140707705900467,1.0896282761553453
0.15441881513057878,4,1.9089920569095593,0.05485949858643869,1579.0579042864647,0.14584764679216347,1.9615752628851588
0.4246759125117304,3,0.903764987301864,0.0007250478549315531,605.8842389209688,0.0029676851383672273,10.174141888168982
0.34575326570584985,3,1.2374762824352654,0.0747355553526843,0.0,0.1090618216301022,0.19869477250459597
0.08256826490259052,3,0.18905752800099118,0.03783360934894235,1324.2436425005224,0.094742428071283,0.2686673558553013
0.4543268079041523,4,0.03355542853108995,0.06315913414589122,0.0,0.09104492791719328,4.96488718907795
0.058600231968349605,7,0.4932135273604712,0.05915303115183693,824.9987811547975,0.077406737123801,0.9203345679209718
0.37045583360657935,7,0.9338547764806493,0.0156218496943377,0.0,0.041936640123997435,1.5700478950020709
0.05739914567275457,3,1.7751600971791357,0.020758051965745476,429.8478780933235,0.08325511056561426,3.712509333833146
0.024769245684038738,2,1.6128149085844856,0.013900455698385867,0.0,0.10367186228667118,0.9060859295033772
0.149397394811578,2,0.3379140822026372,0.026109936425470187,0.0,0.022518262495535648,3.9364188526064936
0.29197877553796364,6,1.3358206022913537,0.0457212736818861,1262.655393914901,0.12718119456962848,0.2253448021126688
0.1787638695252818,1,1.390611355204593,0.05798261254195101,1402.0567515671955,0.13767924875455825,4.405653088633013
0.4984490333609676,6,0.9759084971621688,0.009217324900004159,263.4144878513741,0.1767539301614319,1.5851165796950177
0.4444784397252255,5,1.5205424868056674,0.019229916322517297,625.2362466187604,0.002789864270668797,1.0097108742151506
0.3330528216662249,1,0.3476029778904606,0.013044001600696494,1204.2784734772806,0.11020600588761983,3.763105819617567
0.4304465477131093,5,0.6746356520193482,0.06281448165786216,0.0,0.13723309113296367,4.890374235939352
0.46951462883279127,6,0.2698666859206289,0.04774225820866829,0.0,0.12337392796992301,0.08426469229540315
0.27270954462050284,7,0.5430198534757773,0.0661704681296434,0.0,0.07277156371245404,4.402449961319141
0.21508997783172057,7,1.2358148482372973,0.07051127989095175,0.0,0.15969233509518574,0.22176480880384222
0.16867108193355476,4,0.7947119082121146,0.019684387362474427,0.0,0.17018806508812578,2.0235335403188612
0.10652659736108086,5,1.0715981311312903,0.05191535487618662,0.0,0.059501747520855595,1.4669643744175511
0.14926318759034107,6,0.1689283297057489,0.065628907871666,624.6008872983693,0.018937658039399254,0.39239658832603874
0.48272642932178905,5,1.2470990988352715,0.015278562443216234,0.0,0.10819582749634295,5.604119916944942
0.30239392179000757,6,0.5795017775579072,0.031875255588984526,904.6354359662489,0.048444038107188774,4.279960380424919
0.2222570298822797,5,0.1968597379786805,0.008381108614489508,542.1263292168683,0.012649742968065512,4.189446103217351
0.07201686166885038,5,0.06127138441228652,0.06013935036047545,590.2684145646128,0.043728159534442645,12.640016954807244
0.06555654770743112,3,1.242710309985109,0.033553354311751396,1905.5077484494218,0.08462685717520281,11.607447186605732
0.06959353476964251,5,1.8777393478186288,0.07931204332417086,611.6858190804586,0.15836458490594324,0.14846202404587314
0.3945911556546483,7,1.547984141134291,0.0006633446521316433,0.0,0.04074038279719036,1.3760825283508402
0.1889837415973005,2,1.5268897911521289,0.05709664818194594,62.256814443752845,0.0292865193626975,0.1578192476382593
0.081749005407961,6,0.16378505640000962,0.024823473542941923,0.0,0.0744816403558781,4.041915338526474
0.3763262872633454,5,0.40472712064357874,0.05637118555525758,1102.6948689582696,0.06534129680582303,2.805209378530034
0.20631215165213368,1,1.7867410442811713,0.0038619650848517664,0.0,0.059932489715882685,0.2581708157692857
0.4014986761191387,3,1.134346200370403,0.017359819684825348,0.0,0.10412715180150067,2.0048650310957554
0.3189038539253681,2,1.0655185452869487,0.06982386383192171,0.0,0.1965266941882733,0.4464764053876872
0.1832995614535338,6,0.7995754950844969,0.0611911622888915,1465.0281541055394,0.10153305452180109,3.9232158254134886
0.30758128403142493,5,0.6092693774285851,0.03636000093763281,0.0,0.057137733212458436,1.4827195861534581
0.3272929674528846,2,1.670474633648102,0.04107139217005415,87.06443005005916,0.09343404125603481,7.2431390930578505
0.025445870800485333,5,1.0687596306865188,0.03985789922145814,0.0,0.034582007745587846,13.763784300676717
0.27488400924969936,3,0.7915012105719754,0.052480648677673436,1593.4855887718577,0.14461543426223186,1.0503694233217573
0.11624876666956539,3,1.3800582268436457,0.05138660964462807,461.8448581306464,0.1593439834198946,2.913587647656981
0.27745670473058204,4,0.7189431525786831,0.014354621770838571,0.0,0.0033837592045627037,0.9128482289598978
0.16752945946719353,7,0.527916936494083,0.029337655210259828,0.0,0.13097414575280655,4.679560477803945
0.17504621162446213,4,0.3650044460011497,0.06725969237494521,0.0,0.17994520824297075,2.2694979146190626
0.25742440376714143,4,0.2387815545314167,0.05225167904755775,145.2242205779708,0.06460394669436648,1.61627121280834
0.028948321569216964,6,1.0640145509336127,0.03431632897860353,1710.368477079411,0.10196534510168816,2.0312891019427863
0.09677738020410107,6,0.7869414883267836,0.056643386960441744,0.0,0.18582571269119233,2.8580205910292893
0.07785598829385387,3,0.33539464582458733,0.05013700607654301,579.7002049511394,0.14841000645710103,4.2403458020740015
0.1633126271720071,3,1.8444352046289039,0.03486386998834633,946.3960697145129,0.0663166840281498,2.42289968804369
0.4904649178535399,3,1.2361453594433236,0.06789107183624475,0.0,0.014181660915582348,3.819743312756852
0.08727674590885613,2,0.4640124025636143,0.03192409749369233,0.0,0.07116713703040585,3.249541618043851
0.049779035641929516,2,0.7306930642884548,0.0037875091639551963,0.0,0.02931721818079886,0.10202854144651712
0.29286655338540357,5,0.3868599188161397,0.006469808307800022,65.91728734157127,0.14709825830523987,0.13729397919611963
0.06883425633513447,5,1.5963518769235898,0.01060352841000606,687.8406633906942,0.18447165697615744,0.11831183437386882
0.2870144846911062,5,0.8650259494930936,0.0033652677772136033,0.0,0.016727502470849503,1.3397967120507204
0.2542932437380702,1,0.5948025853019412,0.07465324599772073,1742.8410418816418,0.11483471946594782,0.7609658835647968
0.4741416227158849,1,1.0079638513727254,0.07737627646737548,1814.7406906460335,0.03657294219074181,4.588977514302727
0.16807991010629464,2,0.2843088373106344,0.0169052767173476,1028.3895309552634,0.06040217471886273,14.013886155355731
0.15292516497183947,3,1.3182294837995232,0.07822491913105559,0.0,0.09292766157682764,0.3801671710277482
0.06784886088328894,6,0.39281193529814273,0.04420158242935823,1046.6258922550162,0.012590447101522781,4.088844496931042
0.07475653667911812,4,0.3756155551151381,0.0596869058257302,1104.1595752254104,0.0506464990317219,4.84648255824504
0.12790636109739897,3,0.3417926964242979,0.04485914297300366,1341.3876391922681,0.14855669427137488,1.0028885167384827
0.3971774055790294,5,1.6877041164039475,0.07365507529357564,1297.3917991835867,0.0015930460256838586,1.754204466861256
0.055811575710671094,3,0.45140614094021947,0.05502434669063451,935.8206468128404,0.17526853831576436,13.780579527918338
0.33390814600184915,3,0.11116126896815404,0.057359908646649506,0.0,0.028916179411335712,0.46657821852809334
0.3447854171177022,6,1.1109869929299843,0.023424479895608225,849.7919537828476,0.029937813868430363,1.0831197556846521
0.10342760470037488,3,1.6466983208077712,0.06847006239354082,0.0,0.11199312566861379,6.282164882123883
0.058765980005297556,2,1.9385384886970525,0.07645596471350975,0.0,0.16430382860234757,2.802901494007285
0.036932390075539404,3,1.1370288267817783,0.05817037748106351,1315.515286563796,0.040589182394232155,0.8205081293107475
0.23132012675683403,4,0.7295676267404958,0.04485582539714129,0.0,0.0580364961314958,0.4491640749520478
0.015572949342277848,4,0.40792463461753337,0.011727873085028486,1138.2996349020598,0.1686854221307587,0.4285531661662757
0.2931764745543295,1,0.47372141888071795,0.0011496164741399185,0.0,0.1227841918425151,0.49700616670492515
0.09985807841193166,3,0.31011944282482684,0.04320747368781716,0.0,0.1535889064821154,0.8877501203063676
0.4258072327080027,7,1.2980723518370434,0.07938073630131684,266.8231863653744,0.16874345943384314,12.125084212988675
0.21534336892310443,4,1.539328976997316,0.02114281769699856,1682.707266807034,0.15706841208176084,2.3072835833565666
0.21249299158430543,6,1.7918245519306188,0.06900786963252428,0.0,0.09811861605055697,4.54431677854065
0.010949281477064756,4,1.3262574764883743,0.06378513152693001,0.0,0.12941587987450345,0.1907053631516901
0.45551972547932074,2,0.33506710194534906,0.06571608823677984,0.0,0.1414777040090567,4.971652355246922
0.240237634581807,7,0.1439638741128575,0.03382427779590547,1619.5267210834809,0.17858304580406664,0.27776265710289794
0.06263799908916737,5,1.476531846824534,0.052610528169149906,1743.9322633709685,0.08399471726975198,3.1858238659823623
0.41064180455841687,6,1.475385213663279,0.0015328031604833914,1558.9777186551323,0.07944382726606246,0.962990634868274
0.4099153247024389,7,0.8125085328556552,0.06544759160367039,0.0,0.012188758249014449,5.037781852034771
0.48864636771916736,1,0.6569978393956553,0.05582558744690482,528.45600917355,0.1544082409726368,7.4935463012534544
0.03054391364521193,1,0.5351147234536171,0.010599482694411543,1375.3028049390844,0.012498059220558758,0.43872572059198556
0.23355424279807907,3,1.754929899343556,0.04196968812954999,0.0,0.17353600061592978,0.8574066483465941
0.2280706326800176,6,1.7323362235841278,0.024312650910545727,1943.4644129921228,0.16822699389611556,12.083544391429696
0.45293832253581506,4,1.4726917253786536,0.05134016617052397,1649.0814928374439,0.1846732454140954,4.931138252621973
0.11567379856778984,2,1.9978450169266657,0.023984162698328843,153.68478617578992,0.10642343109178225,3.3293743393750805
0.40690254966106976,1,0.40991532446456125,0.07794429924028749,1144.825583756459,0.07402829830589357,0.20349387674314343
0.2544673079118922,5,1.8278052385618804,0.06063872308040652,0.0,0.06696961408662545,12.126269631113109
0.1956168778378881,2,1.7147803391743628,0.07418171556266548,0.0,0.020066504351702603,3.146460999429662
0.21868289758786433,6,1.4185737466960266,0.07422566414003462,625.3229260634944,0.18664868862556408,0.18506325589046607
0.323573018201352,4,1.9923058084012923,0.00036804365807075357,1745.888833068663,0.1347824571509226,4.812392132163207
0.44782516974863007,5,0.9006229426462722,0.05407481310815762,0.0,0.08072507803525651,0.31110766598530637
0.48171403230867016,4,0.32964376598045253,0.016734767422138423,1046.0241551138079,0.046995240264494975,2.1793255693865676
0.49380650022231376,5,0.7378583906287897,0.06458139652843271,1603.6105584532613,0.11384014673056714,2.349340323801952
0.16569431733342008,5,0.5326246311959493,0.045932533314524154,933.6110050043313,0.18758975709299958,7.5376261234499475
0.20689150947132043,1,1.0360917688227833,0.007676682389053946,1517.675302361996,0.08810111360671764,0.8940776776980355
0.2526978103079089,1,1.9995489552110575,0.04102099975191405,857.9113402210018,0.03038777032987656,1.6114321296996432
0.4025976487606876,4,0.011683200243020497,0.00764602988308245,0.0,0.0702624051111959,1.8222931344184938
0.14533006905918686,4,1.529765414372841,0.03626492291418321,0.0,0.1381928506000164,0.5926155182761432
0.11486139543180734,3,0.06809876310712504,0.025705233282105704,1484.8659592486279,0.06580660377302677,0.13839129154919452
0.4466767687892401,7,1.6491517406588891,0.06074155357307135,0.0,0.015335348078685501,3.5590604057210284
0.35434582149964744,2,1.2709786065465394,0.032919737477562175,0.0,0.12571726466695288,14.575586285057302
0.30247383025189717,6,0.7330781088179121,0.07840792824863822,522.8150244409621,0.03914121301614575,0.2428784491695229
0.020743950596572382,7,1.9768093843118926,0.05360854365778133,282.06051190061197,0.09514707143652808,4.523438875950632
0.09883331128681713,3,1.1760954366912755,0.04112328732628261,501.33368407329874,0.07610083097431455,2.876321352815622
0.20703751896749908,3,0.8713155948130102,0.07357533870469456,286.8514110912038,0.11626012606813216,12.999705598834314
0.2148103997123625,7,0.9862176964964893,0.06256785176700812,1976.5071180028012,0.10255220409899592,1.7903286024768272
0.24366203297772449,4,0.08487945158348253,0.0782320037828951,1215.7516882464083,0.06697729653538488,0.159950485971893
0.03455165898743621,4,0.7910774954754749,0.031574172805830365,1020.898570036599,0.06834831112195446,4.266550672263575
0.04013928317245806,3,1.5538285985090126,0.0589981177519191,449.1044478081976,0.17191663767548768,4.7344951752129365
0.14772192298390024,7,1.3268086904852197,0.07702924558251581,0.0,0.05429139865978711,0.3745671167877266
0.31246606772290697,5,0.9771261023307587,0.044032755454278864,1938.1724386322553,0.15688692862472464,0.17240573741224668
0.05783783740817696,6,0.24483999879271234,0.024137429748418857,0.0,0.001813045337977848,1.0226849003810214
0.22055857603457069,4,0.7257276597934101,0.03264545624287447,682.6787746103621,0.07646898283265151,3.9153049304521907
0.4011597855577605,5,1.53175963156756,0.07423292720771324,1357.8874371343518,0.08265913787681678,3.4563456364519203
0.41330553308909046,3,1.8335624495622225,0.02594177239444903,1924.6555100694466,0.18770158416969643,1.9605208751375391
0.11732716626016172,5,0.13432998521111017,0.011305019559532817,0.0,0.009667958490595537,0.7696869490350131
0.12565352654448433,2,0.05873259893609539,0.064130942365853,0.0,0.14923992918931697,8.06286993526335
0.05388177200446148,6,0.44418566222512523,0.05934795339682032,0.0,0.01113578239129102,3.005238581942107
0.2147060969731697,4,0.6948767264969333,0.03646946972815476,1388.1387562126877,0.04850402467789801,12.218427497552398
0.12470798032175973,1,1.3007128039717224,0.05738756147171669,1480.7331535203825,0.09088435229502917,0.1755733819461978
0.1115508154986085,5,0.3847663624484996,0.06574970838966766,0.0,0.08935373676678625,3.3142657987108164
0.1609324223829493,1,0.15900716641227608,0.03408352827714095,291.9610419505125,0.1619174948213819,0.21016452443470243
0.043766968164661864,6,0.7806264251029706,0.041278726896749045,1521.3211692984135,0.03864520085674016,8.428451068821687
0.1571219349889079,2,0.07523895510310852,0.0614448227754067,0.0,0.027654589897866958,0.39009072315746807
0.3034619803384748,6,1.5489619169087347,0.053543219052254884,1959.8795218722807,0.0867914646758516,0.2466182857250268
0.032752491141613486,4,0.47341217975139305,0.021125922983660034,0.0,0.13790793595146594,2.322878595818734
0.3574695878410419,4,1.6802263284008996,0.06628585163514392,0.0,0.06044432223779839,4.151271705549849
0.4175102089289956,7,0.5888462005941622,0.005498102390130297,0.0,0.038170299029050586,0.2756167693835082
0.33982935766789923,7,1.9444293018925398,0.014366300848842642,0.0,0.004356569165236878,3.3984261204628354
0.09725206477911871,2,1.5873903676747605,0.004864820918438175,1681.217868457669,0.07509904258240377,3.6442763085170746
0.0432635088141924,5,0.8855085715012365,0.057966004620191004,714.6416174022328,0.1454489943555617,3.285924989871209
0.3127982053111928,7,0.5500805286250339,0.001558141630337122,0.0,0.05256289353142088,1.8833311651843951
0.19382774564633837,5,0.7519733381408105,0.06523997816828155,0.0,0.13404394258685987,1.4425356876140305
0.20014402516492366,4,1.78587683524112,0.06031649266374508,1397.7136168452043,0.13522099921384756,0.2530674184772765
0.10813161702742727,4,0.2731778767528479,0.04206948225826142,1171.3419745657027,0.14930034828538347,13.782586914391464
0.06799994739203498,2,0.4073934742185923,0.015362821922789429,0.0,0.06663410809710335,0.2644767185642697
0.2577492149854303,6,0.041959989667866626,0.03166061629778533,1064.6212860754845,0.07017793248635987,1.5950953396322702
0.05888633658689511,3,0.46450129280473895,0.005310448582348082,0.0,0.17116448421400732,0.3006982854373865
0.3535306450792827,5,0.8191227205868876,0.022581685379928038,0.0,0.15976027089524364,8.480410704487934
0.0291813016684181,5,1.267026256907186,0.05253625783465494,354.27107594996073,0.0025373031094205606,3.8816985081693023
0.48061147386463493,2,0.730782024667066,0.0356766805065105,0.0,0.12555008676673035,4.032311104645611
0.32830635662302643,1,0.4792096458390913,0.0347515915101884,0.0,0.17518572619460354,1.5124163700821547
0.03019226091335768,4,0.4292894279795114,0.07916657538550227,613.5051426836626,0.13187780932473345,4.191234322593859
0.16103566495567154,2,0.6866618783048508,0.0170811825063295,1785.6344687132826,0.09359427877336687,0.0362818415559401
0.2248488694767612,4,1.2191118838395203,0.048672709670405524,420.59580016424536,0.07490745424029527,9.74296502490115
0.03926441159625267,5,1.8266094299175526,0.034277847852526556,0.0,0.04703264038006492,3.584876067548764
0.23910977150368457,2,1.9478087711112222,0.04562838553209849,1725.2316117036235,0.06729196664399971,2.4411573473210226
0.3574480094274371,6,0.03406292217600715,0.046568614654417785,474.2213885279981,0.03746791707312338,1.64788894003682
0.10407229110471773,6,0.8396508901194037,0.02578694276458088,1413.7712671728793,0.06576870733010176,1.4355868288089784
0.3387091012431726,4,1.9250574131731106,0.07658598788217633,0.0,0.029876654607934348,0.723732316195861
0.33090273081971866,2,1.9129556426112297,0.05642252831768211,0.0,0.04228465650180273,6.902266964164131
0.4985590080966412,2,0.7504828137804971,0.030868865067328145,0.0,0.10293238843206025,1.7185788335633603
0.08866464243486229,5,1.635698907206704,0.04109812203546361,0.0,0.04281102281498756,4.316309517514123
0.1964118625194803,7,0.12360574015806947,0.05910993816370984,1319.6040027110428,0.1467087043792506,0.3715868596069758
0.07697727666470264,3,1.0332111260703989,0.0006111195700618488,0.0,0.14454435619485057,4.031491240716058
0.3282500579118954,3,0.15741400273703277,0.014029424203230185,0.0,0.15000002648123217,0.42791706504774185
0.07463293002709243,4,1.7576161979890677,0.04727335392203428,276.7228949692172,0.09148413882018727,2.0140141414684596
0.010098685085812104,6,0.9201439883963258,0.02122319021991343,1549.7393305413425,0.15263997815505467,4.67767329674473
0.13925421019965425,4,1.1196674497992753,0.04780985988455834,0.0,0.07491674491724196,1.941958474840904
0.28396288108804657,3,1.1043076390940731,0.0001364025201812069,1510.318495348572,0.05054766998007133,4.845769805353047
0.1560766211631107,1,0.7012721629568157,0.07326996538567593,0.0,0.16443202741540475,0.052639685274122605
0.39302218143770634,3,1.1938502714593084,0.01275409655106416,888.8206824032743,0.004699819665983641,4.951700353482879
0.18137239951355194,6,1.0643725856573245,0.0053206716373265465,0.0,0.026053679395025536,0.48428211591099535
0.367746322377425,7,0.18109937896750417,0.07434804195901935,1711.9539327119905,0.003507619121640384,4.982212049569095
0.2196406409207456,3,0.25810677301881224,0.008489076808291154,523.5860685359692,0.03408562623197791,3.9258946195357067
0.17275590906180555,3,0.9860972925741136,0.06407718118142547,0.0,0.11339834061640226,7.387764660926419
0.4426581101107066,5,1.0869498407687266,0.0069469136352009195,1589.7906926624357,0.1944957349425409,2.849777620179521
0.26429718941274993,1,1.6171108256085225,0.07677300491059576,0.0,0.046618593391634405,0.22289556485046857
0.2349409526901544,3,1.279147746664162,0.03567018735318742,0.0,0.0761840109860543,5.485118700262872
0.35136678683145406,4,1.6278497524369642,0.0687370118914534,0.0,0.05736744088261726,4.134786258121378
0.18344731980433593,3,1.3307784743360351,0.04250483495114362,0.0,0.19059657359751517,1.170940525112277
0.49100794938125075,4,1.6113957108761376,0.07669259316130679,1257.7218830111553,0.14590664627720562,3.295112877599705
0.01948403615711759,5,0.4991047844302401,0.07107409137502856,1232.4399832193658,0.03462729247521349,14.30965115016544
0.38974541825250497,5,1.6088806435808525,0.024473528779220086,0.0,0.17412023783936742,4.492859475899795
0.2123151346340255,4,0.05498666325514012,0.015987780726845067,0.0,0.03434501930091384,0.21395361225966666
0.48127544101119457,6,0.5534951287470518,0.0755409490773702,0.0,0.10994356453146398,3.765685177209601
0.13810333441321626,7,0.7732643844274114,0.042231710723471406,1535.3869593144102,0.07240077357431317,3.1014132744590808
0.4813042482181489,2,0.8098584398808548,0.02154211868086013,0.0,0.10136412365174576,4.5419946370721656
0.32969882601796585,1,1.1264666174870142,0.02640566403593236,0.0,0.12242641915652659,9.575671235723014
0.49398748210015614,7,1.0849316591106941,0.03222999882102566,425.40701253917575,0.08847207965394835,0.10708494814941849
0.47100730499222526,3,1.611184659055637,0.03892003312821708,1100.9534961405718,0.001903004968786141,6.485661198359126
0.2307718330408077,2,0.8280013657694498,0.026705565484208098,724.6171056172179,0.0838654466160834,1.2294920994359064
0.31336620069867627,7,1.768929307238335,0.004777430729588659,669.4370145414393,0.11707178040494169,2.00155334455527
0.05645966670201479,6,1.7488799708007658,8.732328183655547e-05,468.56272010188627,0.0197442989595443,3.860719277670923
0.21201353601244607,4,0.7337703032749778,0.048671006224802645,1641.617601335476,0.05350811722583569,12.011953153909632
0.4950159603013979,6,1.3200259884169208,0.04370384559031046,0.0,0.031336133997172805,4.053792934940052
0.44591440553673595,2,1.9332613357888486,0.010101458233839136,0.0,0.06261919773172583,4.768072899363197
0.3529449134902286,3,1.2236701091983617,0.05343780877354209,0.0,0.08948423845074696,3.3646731242823518
0.39800741275001394,5,0.21733179346227827,0.004038321042170807,236.79807363936874,0.15978832686523664,3.1949511731976483
0.1952017329074602,3,0.3454620818954892,0.005280506864933434,357.0301006102171,0.03811482987436942,12.172608514766308
0.132738552384599,2,1.591020919890878,0.03586307933597163,0.0,0.15171379837030546,3.6290916791631758
